district,state,pop,reps,popDiff,isAtLarge,cumulativePop,cumulativeReps,cumulativePopPct
Resident Commissioner District,Puerto Rico,3263584,0,2493107.3816091954,false,3263584,0,0.009737468697872335
Congressional District,Montana,1104271,1,333794.3816091954,true,4367855,1,0.013032252682739335
Congressional District 22,Texas,1034272,1,263795.3816091954,false,5402127,2,0.016118182514815303
Congressional District 1,Idaho,1007769,1,237292.38160919538,false,6409896,3,0.01912503605135247
Congressional District,Delaware,1003384,1,232907.38160919538,true,7413280,4,0.022118806180126828
Congressional District 9,Florida,1002804,1,232327.38160919538,false,8416084,5,0.025110845778341908
Congressional District 10,Texas,993729,1,223252.38160919538,false,9409813,6,0.02807580854065107
Congressional District 26,Texas,972162,1,201685.38160919538,false,10381975,7,0.030976422419215544
Congressional District 31,Texas,969723,1,199246.38160919538,false,11351698,8,0.033869759118410926
Congressional District 3,Texas,968602,1,198125.38160919538,false,12320300,9,0.036759751119749495
Congressional District 8,Texas,944280,1,173803.38160919538,false,13264580,10,0.03957717421718682
Congressional District 2,North Carolina,938080,1,167603.38160919538,false,14202660,11,0.04237609853968015
Congressional District 12,North Carolina,909148,1,138671.38160919538,false,15111808,12,0.045088699223999364
Congressional District 4,Colorado,908778,1,138301.38160919538,false,16020586,13,0.0478001959491687
Congressional District 16,Florida,907070,1,136593.38160919538,false,16927656,14,0.0505065965602083
Congressional District 4,Utah,905470,1,134993.38160919538,false,17833126,15,0.05320822329384299
Congressional District,South Dakota,895376,1,124899.38160919538,true,18728502,16,0.055879732828399524
Congressional District 10,Virginia,895085,1,124608.38160919538,false,19623587,17,0.05855037411400304
Congressional District 4,Florida,893302,1,122825.38160919538,false,20516889,18,0.06121569550997347
Congressional District 2,Idaho,893154,1,122677.38160919538,false,21410043,19,0.06388057532228394
Congressional District 5,Arizona,891118,1,120641.38160919538,false,22301161,20,0.06653938037559667
Congressional District 12,Texas,889755,1,119278.38160919538,false,23190916,21,0.06919411868209512
Congressional District 4,North Carolina,885785,1,115308.38160919538,false,24076701,22,0.07183701180528265
Congressional District 3,Nevada,883132,1,112655.38160919538,false,24959833,23,0.07447198924299818
Congressional District 21,Texas,877749,1,107272.38160919538,false,25837582,24,0.07709090556691958
Congressional District 25,Texas,876198,1,105721.38160919538,false,26713780,25,0.07970519421343163
Congressional District 3,Iowa,867614,1,97137.38160919538,false,27581394,26,0.08229387100766637
Congressional District 19,Florida,864808,1,94331.38160919538,false,28446202,27,0.08487417561440228
Congressional District 1,Oregon,864740,1,94263.38160919538,false,29310942,28,0.08745427733134847
Congressional District 2,Oregon,864256,1,93779.38160919538,false,30175198,29,0.09003293495037967
Congressional District 8,Arizona,863775,1,93298.38160919538,false,31038973,30,0.09261015742251603
Congressional District 10,Florida,859992,1,89515.38160919538,false,31898965,31,0.09517609265826318
Congressional District 7,Georgia,856376,1,85899.38160919538,false,32755341,32,0.09773123893107526
Congressional District 3,Arkansas,851053,1,80576.38160919538,false,33606394,33,0.1002705031104959
Congressional District 4,Tennessee,850783,1,80306.38160919538,false,34457177,34,0.10280896169810448
Congressional District 11,Florida,850097,1,79620.38160919538,false,35307274,35,0.10534537348577569
Congressional District 5,Oregon,849712,1,79235.38160919538,false,36156986,36,0.10788063655919636
Congressional District 4,Arizona,848908,1,78431.38160919538,false,37005894,37,0.11041350075922106
Congressional District 23,Texas,847567,1,77090.38160919538,false,37853461,38,0.11294236385324577
Congressional District 42,California,841945,1,71468.38160919538,false,38695406,39,0.11545445273553902
Congressional District 3,Oregon,841904,1,71427.38160919538,false,39537310,40,0.11796641928722376
Congressional District 5,Colorado,840942,1,70465.38160919538,false,40378252,41,0.12047551554511882
Congressional District 1,Colorado,838929,1,68452.38160919538,false,41217181,42,0.12297860566850383
Congressional District 7,Tennessee,838746,1,68269.38160919538,false,42055927,43,0.12548114977966066
Congressional District 1,Oklahoma,836922,1,66445.38160919538,false,42892849,44,0.1279782516705759
Congressional District 1,Virginia,836319,1,65842.38160919538,false,43729168,45,0.13047355440644415
Congressional District 6,Texas,833987,1,63510.38160919538,false,44563155,46,0.13296189921599477
Congressional District 6,Colorado,833948,1,63471.38160919538,false,45397103,47,0.13545012766228365
Congressional District 2,Texas,833269,1,62792.38160919538,false,46230372,48,0.1379363301943488
Congressional District 8,North Carolina,831474,1,60997.38160919538,false,47061846,49,0.14041717703270037
Congressional District 7,Virginia,830040,1,59563.38160919538,false,47891886,50,0.14289374528342777
Congressional District 12,Florida,829889,1,59412.38160919538,false,48721775,51,0.1453698629994751
Congressional District 5,Oklahoma,828913,1,58436.38160919538,false,49550688,52,0.14784306865030541
Congressional District 6,Tennessee,828312,1,57835.38160919538,false,50379000,53,0.15031448111343554
Congressional District 6,Louisiana,827852,1,57375.38160919538,false,51206852,54,0.15278452108681173
Congressional District 4,Oregon,825543,1,55066.38160919538,false,52032395,55,0.155247671758358
Congressional District 1,South Carolina,824201,1,53724.38160919538,false,52856596,56,0.1577068183402309
Congressional District 5,Indiana,822535,1,52058.38160919538,false,53679131,57,0.16016099412225593
Congressional District 1,Utah,821989,1,51512.38160919538,false,54501120,58,0.16261354081861656
Congressional District 1,Florida,821362,1,50885.38160919538,false,55322482,59,0.16506421675176913
Congressional District 2,Colorado,820942,1,50465.38160919538,false,56143424,60,0.16751363954210294
Congressional District 15,Florida,820172,1,49695.38160919538,false,56963596,61,0.1699607649039356
Congressional District 5,New York,819686,1,49209.38160919538,false,57783282,62,0.17240644020050655
Congressional District 3,Missouri,817915,1,47438.38160919538,false,58601197,63,0.17484683141152493
Congressional District 7,Texas,817706,1,47229.38160919538,false,59418903,64,0.1772865990348073
Congressional District 1,Louisiana,816893,1,46416.38160919538,false,60235796,65,0.17972394093163332
Congressional District 15,Texas,816197,1,45720.38160919538,false,61051993,66,0.18215920619178821
Congressional District 24,Texas,815338,1,44861.38160919538,false,61867331,67,0.18459190847651133
Congressional District 17,Texas,815271,1,44794.38160919538,false,62682602,68,0.18702441085511815
Congressional District 6,North Carolina,814959,1,44482.38160919538,false,63497561,69,0.18945598232763097
Congressional District 6,Florida,814531,1,44054.38160919538,false,64312092,70,0.19188627678793801
Congressional District 2,Utah,811531,1,41054.38160919538,false,65123623,71,0.19430762022811085
Congressional District 14,Florida,810520,1,40043.38160919538,false,65934143,72,0.19672594717449846
Congressional District 4,Texas,810364,1,39887.38160919538,false,66744507,73,0.1991438086678391
Congressional District 22,California,810279,1,39802.38160919538,false,67554786,74,0.2015614165489426
Congressional District 3,Ohio,809881,1,39404.38160919538,false,68364667,75,0.20397783692804164
Congressional District 18,Florida,809802,1,39325.38160919538,false,69174469,76,0.2063940215969438
Congressional District 45,California,808871,1,38394.38160919538,false,69983340,77,0.208807428465931
Congressional District 9,California,808663,1,38186.38160919538,false,70792003,78,0.21122021473085556
Congressional District 10,New Jersey,808433,1,37956.38160919538,false,71600436,79,0.21363231475090316
Congressional District 4,Nevada,808154,1,37677.38160919538,false,72408590,80,0.21604358232607826
Congressional District 12,Ohio,808118,1,37641.38160919538,false,73216708,81,0.21845474248901178
Congressional District 11,Georgia,807381,1,36904.38160919538,false,74024089,82,0.22086370368466565
Congressional District 4,Oklahoma,805943,1,35466.38160919538,false,74830032,83,0.22326837435800187
Congressional District 9,Georgia,805448,1,34971.38160919538,false,75635480,84,0.22567156811301597
Congressional District 4,New Jersey,804956,1,34479.38160919538,false,76440436,85,0.22807329390072803
Congressional District 5,Maryland,804124,1,33647.38160919538,false,77244560,86,0.23047253727218955
Congressional District 17,Florida,802733,1,32256.381609195378,false,78047293,87,0.2328676303539822
Congressional District 11,Virginia,802026,1,31549.381609195378,false,78849319,88,0.23526061397869655
Congressional District 1,Washington,801211,1,30734.381609195378,false,79650530,89,0.23765116590960778
Congressional District 10,Georgia,800510,1,30033.381609195378,false,80451040,90,0.24003962628548098
Congressional District 7,Washington,799770,1,29293.381609195378,false,81250810,91,0.24242587874305443
Congressional District 7,Missouri,799499,1,29022.381609195378,false,82050309,92,0.2448113226251424
Congressional District 35,Texas,799047,1,28570.381609195378,false,82849356,93,0.24719541788686353
Congressional District 3,Utah,798985,1,28508.381609195378,false,83648341,94,0.24957932816083517
Congressional District 7,Colorado,798759,1,28282.381609195378,false,84447100,95,0.25196256412462337
Congressional District 21,Florida,797947,1,27470.381609195378,false,85245047,96,0.2543433773456286
Congressional District 8,New Jersey,797874,1,27397.381609195378,false,86042921,97,0.25672397275847725
Congressional District 5,Texas,797242,1,26765.381609195378,false,86840163,98,0.25910268248975094
Congressional District 8,Maryland,795556,1,25079.381609195378,false,87635719,99,0.2614763617477092
Congressional District 13,Georgia,795514,1,25037.381609195378,false,88431233,100,0.26384991569138566
Congressional District 7,North Carolina,795070,1,24593.381609195378,false,89226303,101,0.2662221448840822
Congressional District 3,Kansas,794125,1,23648.381609195378,false,90020428,102,0.2685915545054365
Congressional District 8,Florida,793922,1,23445.381609195378,false,90814350,103,0.270960358441095
Congressional District 2,Wisconsin,793162,1,22685.381609195378,false,91607512,104,0.2733268947849862
Congressional District 8,Massachusetts,792652,1,22175.381609195378,false,92400164,105,0.2756919094554546
Congressional District 13,North Carolina,792469,1,21992.381609195378,false,93192633,106,0.27805637811369477
Congressional District 7,Arizona,791774,1,21297.381609195378,false,93984407,107,0.2804187731189372
Congressional District 6,Maryland,791771,1,21294.381609195378,false,94776178,108,0.28278115917315955
Congressional District 3,Massachusetts,790963,1,20486.381609195378,false,95567141,109,0.2851411344192924
Congressional District 3,Oklahoma,790472,1,19995.381609195378,false,96357613,110,0.28749964468179656
Congressional District 10,Washington,790454,1,19977.381609195378,false,97148067,111,0.28985810123818
Congressional District 20,Texas,790332,1,19855.381609195378,false,97938399,112,0.2922161937864113
Congressional District 5,Tennessee,790094,1,19617.381609195378,false,98728493,113,0.29457357622037855
Congressional District 7,California,789764,1,19287.381609195378,false,99518257,114,0.2969299740421311
Congressional District 5,Georgia,789610,1,19133.381609195378,false,100307867,115,0.2992859123781834
Congressional District 30,Texas,789579,1,19102.381609195378,false,101097446,116,0.30164175822036104
Congressional District 6,Missouri,788813,1,18336.381609195378,false,101886259,117,0.303995318568731
Congressional District 4,Maryland,788525,1,18048.381609195378,false,102674784,118,0.3063480196191682
Congressional District 8,Virginia,788119,1,17642.381609195378,false,103462903,119,0.30869950929821377
Congressional District 7,Florida,787989,1,17512.381609195378,false,104250892,120,0.31105061109972026
Congressional District 9,Massachusetts,787195,1,16718.381609195378,false,105038087,121,0.3133993438645646
Congressional District 2,Kentucky,786202,1,15725.381609195378,false,105824289,122,0.3157451138417445
Congressional District 6,Arizona,786168,1,15691.381609195378,false,106610457,123,0.3180907823740295
Congressional District 6,Kentucky,785442,1,14965.381609195378,false,107395899,124,0.320434284759442
Congressional District 9,Arizona,785235,1,14758.381609195378,false,108181134,125,0.32277716952446533
Congressional District 2,Iowa,785047,1,14570.381609195378,false,108966181,126,0.32511949335889356
Congressional District 2,Tennessee,784818,1,14341.381609195378,false,109750999,127,0.3274611339321182
Congressional District 6,California,784724,1,14247.381609195378,false,110535723,128,0.3298024940400453
Congressional District 26,Florida,784436,1,13959.381609195378,false,111320159,129,0.3321429948500395
Congressional District 15,California,784297,1,13820.381609195378,false,112104456,130,0.3344830809294342
Congressional District 10,North Carolina,783974,1,13497.381609195378,false,112888430,131,0.33682220328232776
Congressional District 22,Florida,783681,1,13204.381609195378,false,113672111,132,0.33916045141892154
Congressional District 4,Missouri,783543,1,13066.381609195378,false,114455654,133,0.34149828780858915
Congressional District 4,Kentucky,783484,1,13007.381609195378,false,115239138,134,0.34383594816152746
Congressional District 12,New Jersey,783328,1,12851.381609195378,false,116022466,135,0.3461731430614188
Congressional District 5,Missouri,783027,1,12550.381609195378,false,116805493,136,0.34850943987562333
Congressional District 8,Washington,783018,1,12541.381609195378,false,117588511,137,0.35084570983676744
Congressional District 4,California,782605,1,12128.381609195378,false,118371116,138,0.3531807475408064
Congressional District 18,Texas,781929,1,11452.381609195378,false,119153045,139,0.35551376828164183
Congressional District 5,Massachusetts,781372,1,10895.381609195378,false,119934417,140,0.3578451271164057
Congressional District 4,Virginia,781353,1,10876.381609195378,false,120715770,141,0.36017642926137533
Congressional District 3,Washington,781241,1,10764.381609195378,false,121497011,142,0.36250739723492664
Congressional District 3,Arizona,780337,1,9860.381609195378,false,122277348,143,0.3648356679677442
Congressional District 4,Mississippi,780305,1,9828.381609195378,false,123057653,144,0.36716384322301365
Congressional District 4,South Carolina,780255,1,9778.381609195378,false,123837908,145,0.3694918692946142
Congressional District 8,New York,779894,1,9417.381609195378,false,124617802,146,0.37181881826012525
Congressional District 11,Texas,779873,1,9396.381609195378,false,125397675,147,0.37414570456849533
Congressional District 2,Massachusetts,779662,1,9185.381609195378,false,126177337,148,0.3764719613217827
Congressional District 7,Massachusetts,779197,1,8720.381609195378,false,126956534,149,0.37879683066694925
Congressional District 9,New Jersey,778948,1,8471.381609195378,false,127735482,150,0.38112095707744464
Congressional District 52,California,778194,1,7717.381609195378,false,128513676,151,0.38344283379821303
Congressional District 9,New York,776441,1,5964.381609195378,false,129290117,152,0.38575948013954964
Congressional District 1,Iowa,776069,1,5592.381609195378,false,130066186,153,0.3880750165543896
Congressional District 7,Indiana,775837,1,5360.381609195378,false,130842023,154,0.3903898607570059
Congressional District 4,Georgia,775516,1,5039.381609195378,false,131617539,155,0.39270374720046775
Congressional District 11,North Carolina,775259,1,4782.381609195378,false,132392798,156,0.39501686683987147
Congressional District 32,Texas,774999,1,4522.381609195378,false,133167797,157,0.3973292107241969
Congressional District,North Dakota,774948,1,4471.381609195378,true,133942745,158,0.39964140244118007
Congressional District 6,Massachusetts,774905,1,4428.381609195378,false,134717650,159,0.401953465860208
Congressional District 28,Texas,774870,1,4393.381609195378,false,135492520,160,0.4042654248506677
Congressional District 10,California,774782,1,4305.381609195378,false,136267302,161,0.40657712127787005
Congressional District 3,Florida,774718,1,4241.381609195378,false,137042020,162,0.4088886267499763
Congressional District 1,Arizona,774354,1,3877.3816091953777,false,137816374,163,0.4111990461649729
Congressional District 14,Texas,774332,1,3855.3816091953777,false,138590706,164,0.41350939993915514
Congressional District 9,Indiana,774296,1,3819.3816091953777,false,139365002,165,0.4158196463010958
Congressional District 3,Georgia,773330,1,2853.3816091953777,false,140138332,166,0.41812701043455325
Congressional District 5,Alabama,773212,1,2735.3816091953777,false,140911544,167,0.4204340224945521
Congressional District 2,Arkansas,771880,1,1403.3816091953777,false,141683424,168,0.42273706030161134
Congressional District 11,California,771855,1,1378.3816091953777,false,142455279,169,0.4250400235168362
Congressional District 3,Louisiana,771394,1,917.3816091953777,false,143226673,170,0.4273416112586337
Congressional District 17,California,771306,1,829.3816091953777,false,143997979,171,0.42964293643717394
Congressional District 9,North Carolina,770733,1,256.3816091953777,false,144768712,172,0.43194255197086856
Congressional District 23,California,770688,1,211.38160919537768,false,145539400,173,0.4342420332392612
Congressional District 3,Colorado,769771,1,-705.6183908046223,false,146309171,174,0.4365387784791661
Congressional District 36,Texas,769738,1,-738.6183908046223,false,147078909,175,0.4388354252578496
Congressional District 4,Indiana,769259,1,-1217.6183908046223,false,147848168,176,0.44113064285698494
Congressional District 15,Ohio,769052,1,-1424.6183908046223,false,148617220,177,0.44342524283573104
Congressional District 4,Massachusetts,767979,1,-2497.6183908046223,false,149385199,178,0.4457166413329425
Congressional District 2,Washington,767914,1,-2562.6183908046223,false,150153113,179,0.4480078458913843
Congressional District 1,Ohio,766737,1,-3739.6183908046223,false,150919850,180,0.4502955386662602
Congressional District 2,Maryland,766679,1,-3797.6183908046223,false,151686529,181,0.45258305838808016
Congressional District 2,Nevada,766406,1,-4070.6183908046223,false,152452935,182,0.45486976356706793
Congressional District 9,Texas,765427,1,-5049.618390804622,false,153218362,183,0.45715354772981853
Congressional District 1,Georgia,765267,1,-5209.618390804622,false,153983629,184,0.4594368545048287
Congressional District 23,Florida,765245,1,-5231.618390804622,false,154748874,185,0.4617200956390245
Congressional District 41,California,765124,1,-5352.618390804622,false,155513998,186,0.46400297574874155
Congressional District 16,Texas,765065,1,-5411.618390804622,false,156279063,187,0.46628567982172936
Congressional District 30,California,764996,1,-5480.618390804622,false,157044059,188,0.468568178021254
Congressional District 4,Iowa,764349,1,-6127.618390804622,false,157808408,189,0.4708487457841031
Congressional District 1,Mississippi,764049,1,-6427.618390804622,false,158572457,190,0.47312841844493875
Congressional District 2,Missouri,763765,1,-6711.618390804622,false,159336222,191,0.475407243742535
Congressional District 6,Virginia,763436,1,-7040.618390804622,false,160099658,192,0.47768508741158994
Congressional District 17,New York,763172,1,-7304.618390804622,false,160862830,193,0.479962143390873
Congressional District 5,Washington,763080,1,-7396.618390804622,false,161625910,194,0.4822389248722053
Congressional District 3,California,762445,1,-8031.618390804622,false,162388355,195,0.48451381172094254
Congressional District 6,New Jersey,762208,1,-8268.618390804622,false,163150563,196,0.4867879914390892
Congressional District 36,California,761959,1,-8517.618390804622,false,163912522,197,0.4890614282225647
Congressional District 3,New Jersey,761771,1,-8705.618390804622,false,164674293,198,0.4913343040754451
Congressional District 2,Michigan,761672,1,-8804.618390804622,false,165435965,199,0.4936068845446611
Congressional District 13,California,761542,1,-8934.618390804622,false,166197507,200,0.49587907713633794
Congressional District 3,Indiana,761500,1,-8976.618390804622,false,166959007,201,0.4981511444137329
Congressional District 25,Florida,761486,1,-8990.618390804622,false,167720493,202,0.5004231699197006
Congressional District 7,New Jersey,761486,1,-8990.618390804622,false,168481979,203,0.5026951954256683
Congressional District 3,Virginia,761402,1,-9074.618390804622,false,169243381,204,0.5049669703030722
Congressional District 11,New Jersey,761290,1,-9186.618390804622,false,170004671,205,0.5072384110090578
Congressional District 20,Florida,761114,1,-9362.618390804622,false,170765785,206,0.5095093265885288
Congressional District 53,California,761110,1,-9366.618390804622,false,171526895,207,0.5117802302333063
Congressional District 3,North Carolina,760997,1,-9479.618390804622,false,172287892,208,0.5140507967229921
Congressional District 5,North Carolina,760703,1,-9773.618390804622,false,173048595,209,0.5163204860127047
Congressional District 9,Washington,760454,1,-10022.618390804622,false,173809049,210,0.5185894323677464
Congressional District 6,Georgia,760368,1,-10108.618390804622,false,174569417,211,0.5208581221268773
Congressional District 8,California,759705,1,-10771.618390804622,false,175329122,212,0.5231248337105586
Congressional District 31,California,758538,1,-11938.618390804622,false,176087660,213,0.5253880633474078
Congressional District 4,Pennsylvania,758187,1,-12289.618390804622,false,176845847,214,0.5276502457149013
Congressional District 10,Pennsylvania,758088,1,-12388.618390804622,false,177603935,215,0.5299121326987303
Congressional District 11,Michigan,757991,1,-12485.618390804622,false,178361926,216,0.5321737302662416
Congressional District 10,New York,757587,1,-12889.618390804622,false,179119513,217,0.5344341224297082
Congressional District 6,Pennsylvania,757071,1,-13405.618390804622,false,179876584,218,0.5366929750177117
Congressional District 5,New Jersey,757022,1,-13454.618390804622,false,180633606,219,0.5389516814057198
Congressional District 3,Michigan,756944,1,-13532.618390804622,false,181390550,220,0.5412101550672043
Congressional District 2,Louisiana,756483,1,-13993.618390804622,false,182147033,221,0.5434672532552615
Congressional District 7,Pennsylvania,756023,1,-14453.618390804622,false,182903056,222,0.5457229789535648
Congressional District 11,Pennsylvania,755278,1,-15198.618390804622,false,183658334,223,0.5479764818152015
Congressional District 2,Arizona,754647,1,-15829.618390804622,false,184412981,224,0.5502281019789366
Congressional District 6,Illinois,754166,1,-16310.618390804622,false,185167147,225,0.5524782869957768
Congressional District 8,Wisconsin,753174,1,-17302.618390804622,false,185920321,226,0.5547255122086261
Congressional District 16,New York,753052,1,-17424.618390804622,false,186673373,227,0.5569723734133232
Congressional District 4,Washington,752581,1,-17895.618390804622,false,187425954,228,0.5592178293078591
Congressional District 3,Maryland,752494,1,-17982.618390804622,false,188178448,229,0.5614630256228114
Congressional District 16,California,751686,1,-18790.618390804622,false,188930134,230,0.563705811129674
Congressional District 3,Kentucky,751181,1,-19295.618390804622,false,189681315,231,0.5659470898814807
Congressional District 5,Illinois,750823,1,-19653.618390804622,false,190432138,232,0.5681873004782181
Congressional District 27,Texas,749930,1,-20546.618390804622,false,191182068,233,0.5704248466546289
Congressional District 1,New Jersey,749827,1,-20649.618390804622,false,191931895,234,0.5726620855126817
Congressional District 11,New York,749691,1,-20785.618390804622,false,192681586,235,0.5748989185911552
Congressional District 2,Florida,749149,1,-21327.618390804622,false,193430735,236,0.5771341345186577
Congressional District 20,California,748911,1,-21565.618390804622,false,194179646,237,0.5793686403318962
Congressional District 13,New York,748859,1,-21617.618390804622,false,194928505,238,0.581602990994119
Congressional District 18,New York,748718,1,-21758.618390804622,false,195677223,239,0.5838369209583957
Congressional District 50,California,748539,1,-21937.618390804622,false,196425762,240,0.5860703168451376
Congressional District 2,Virginia,748533,1,-21943.618390804622,false,197174295,241,0.5883036948298391
Congressional District 35,California,748055,1,-22421.618390804622,false,197922350,242,0.5905356466186661
Congressional District 5,Florida,747582,1,-22894.618390804622,false,198669932,243,0.5927661871299852
Congressional District 7,Illinois,747262,1,-23214.618390804622,false,199417194,244,0.5949957728658233
Congressional District 5,South Carolina,747217,1,-23259.618390804622,false,200164411,245,0.5972252243363594
Congressional District 3,New York,746449,1,-24027.618390804622,false,200910860,246,0.5994523843457411
Congressional District 3,Tennessee,745925,1,-24551.618390804622,false,201656785,247,0.6016779809102727
Congressional District 8,Ohio,745908,1,-24568.618390804622,false,202402693,248,0.6039035267523569
Congressional District 4,Connecticut,745760,1,-24716.618390804622,false,203148453,249,0.6061286310107812
Congressional District 3,Mississippi,745609,1,-24867.618390804622,false,203894062,250,0.6083532847345253
Congressional District 6,Minnesota,744738,1,-25738.618390804622,false,204638800,251,0.6105753396787572
Congressional District 7,South Carolina,743588,1,-26888.618390804622,false,205382388,252,0.6127939633986044
Congressional District 7,Ohio,743551,1,-26925.618390804622,false,206125939,253,0.6150124767225364
Congressional District 12,Georgia,742856,1,-27620.618390804622,false,206868795,254,0.6172289163934709
Congressional District 5,Virginia,742839,1,-27637.618390804622,false,207611634,255,0.6194453053419577
Congressional District 8,Michigan,742257,1,-28219.618390804622,false,208353891,256,0.6216599577925387
Congressional District 20,New York,742207,1,-28269.618390804622,false,209096098,257,0.6238744610594507
Congressional District 3,Alabama,742147,1,-28329.618390804622,false,209838245,258,0.62608878530596
Congressional District 4,New York,741844,1,-28632.618390804622,false,210580089,259,0.6283022054994357
Congressional District 5,Wisconsin,741458,1,-29018.618390804622,false,211321547,260,0.6305144739949876
Congressional District 12,Michigan,741026,1,-29450.618390804622,false,212062573,261,0.6327254535436401
Congressional District 24,California,740591,1,-29885.618390804622,false,212803164,262,0.6349351351943732
Congressional District 49,California,740582,1,-29894.618390804622,false,213543746,263,0.6371447899920458
Congressional District 2,New Jersey,739987,1,-30489.618390804622,false,214283733,264,0.6393526695040584
Congressional District 7,Wisconsin,739235,1,-31241.618390804622,false,215022968,265,0.6415583052936908
Congressional District 1,Maryland,739031,1,-31445.618390804622,false,215761999,266,0.6437633324139541
Congressional District 6,Washington,738969,1,-31507.618390804622,false,216500968,267,0.645968174546468
Congressional District 1,New York,738887,1,-31589.618390804622,false,217239855,268,0.6481727720177648
Congressional District 2,Minnesota,738835,1,-31641.618390804622,false,217978690,269,0.650377214338046
Congressional District 2,Ohio,738776,1,-31700.618390804622,false,218717466,270,0.6525814806215978
Congressional District 19,Texas,738129,1,-32347.618390804622,false,219455595,271,0.6547838164684742
Congressional District 25,California,738117,1,-32359.618390804622,false,220193712,272,0.6569861165112698
Congressional District 2,Pennsylvania,737973,1,-32503.618390804622,false,220931685,273,0.6591879869050992
Congressional District 14,Georgia,737001,1,-33475.61839080462,false,221668686,274,0.6613869571684049
Congressional District 16,Ohio,736904,1,-33572.61839080462,false,222405590,275,0.663585638015393
Congressional District 14,Illinois,736577,1,-33899.61839080462,false,223142167,276,0.6657833432011866
Congressional District 24,Florida,735549,1,-34927.61839080462,false,223877716,277,0.6679779811707475
Congressional District 1,Alabama,735373,1,-35103.61839080462,false,224613089,278,0.6701720940137937
Congressional District 1,Indiana,735140,1,-35336.61839080462,false,225348229,279,0.6723655116609429
Congressional District 9,Illinois,735119,1,-35357.61839080462,false,226083348,280,0.6745588666509512
Congressional District 3,Minnesota,734894,1,-35582.61839080462,false,226818242,281,0.6767515503144494
Congressional District 26,New York,734798,1,-35678.61839080462,false,227553040,282,0.6789439475453034
Congressional District 1,Tennessee,734581,1,-35895.61839080462,false,228287621,283,0.6811356973190343
Congressional District 3,Wisconsin,733081,1,-37395.61839080462,false,229020702,284,0.6833229715826981
Congressional District 6,New York,733056,1,-37420.61839080462,false,229753758,285,0.6855101712545274
Congressional District 15,New York,732872,1,-37604.61839080462,false,230486630,286,0.6876968219304552
Congressional District,Alaska,732673,1,-37803.61839080462,true,231219303,287,0.6898828788553808
Congressional District 1,North Carolina,732511,1,-37965.61839080462,false,231951814,288,0.6920684524252191
Congressional District 17,Pennsylvania,732334,1,-38142.61839080462,false,232684148,289,0.6942534978848695
Congressional District 5,Ohio,731655,1,-38821.61839080462,false,233415803,290,0.6964365174302961
Congressional District 4,Kansas,730811,1,-39665.61839080462,false,234146614,291,0.6986170187553917
Congressional District 1,Massachusetts,730798,1,-39678.61839080462,false,234877412,292,0.7007974812927334
Congressional District 2,New York,730149,1,-40327.61839080462,false,235607561,293,0.7029760074260527
Congressional District 1,Pennsylvania,730085,1,-40391.61839080462,false,236337646,294,0.7051543426042759
Congressional District 3,Pennsylvania,729976,1,-40500.61839080462,false,237067622,295,0.7073323525621008
Congressional District 39,California,729834,1,-40642.61839080462,false,237797456,296,0.709509938838306
Congressional District 2,Indiana,729230,1,-41246.61839080462,false,238526686,297,0.7116857229757909
Congressional District 10,Ohio,728978,1,-41498.61839080462,false,239255664,298,0.7138607552275845
Congressional District 1,Texas,728600,1,-41876.61839080462,false,239984264,299,0.7160346596508411
Congressional District 5,Louisiana,728573,1,-41903.61839080462,false,240712837,300,0.7182084835149166
Congressional District 25,New York,728525,1,-41951.61839080462,false,241441362,301,0.72038216416267
Congressional District 43,California,728012,1,-42464.61839080462,false,242169374,302,0.7225543141859804
Congressional District 27,Florida,727882,1,-42594.61839080462,false,242897256,303,0.7247260763317517
Congressional District 5,Minnesota,727716,1,-42760.61839080462,false,243624972,304,0.7268973431877421
Congressional District 6,Wisconsin,727054,1,-43422.61839080462,false,244352026,305,0.7290666348519563
Congressional District 7,Maryland,726949,1,-43527.61839080462,false,245078975,306,0.7312356132304658
Congressional District 2,South Carolina,726470,1,-44006.61839080462,false,245805445,307,0.7334031624294273
Congressional District 2,Hawaii,726415,1,-44061.61839080462,false,246531860,308,0.7355705475263529
Congressional District 10,Michigan,725418,1,-45058.61839080462,false,247257278,309,0.7377349579009206
Congressional District 5,Connecticut,725273,1,-45203.61839080462,false,247982551,310,0.7398989356428485
Congressional District 2,Oklahoma,724389,1,-46087.61839080462,false,248706940,311,0.7420602758175102
Congressional District 27,New York,724261,1,-46215.61839080462,false,249431201,312,0.7442212340819795
Congressional District 6,Alabama,723686,1,-46790.61839080462,false,250154887,313,0.7463804767342563
Congressional District 13,Florida,723346,1,-47130.61839080462,false,250878233,314,0.7485387049375847
Congressional District 1,Wisconsin,722922,1,-47554.61839080462,false,251601155,315,0.7506956680634007
Congressional District 4,Louisiana,722852,1,-47624.61839080462,false,252324007,316,0.7528524223320804
Congressional District 3,Illinois,722714,1,-47762.61839080462,false,253046721,317,0.7550087648538337
Congressional District 19,California,722407,1,-48069.61839080462,false,253769128,318,0.7571641913878601
Congressional District 33,Texas,721392,1,-49084.61839080462,false,254490520,319,0.7593165894934077
Congressional District 18,California,721174,1,-49302.61839080462,false,255211694,320,0.761468337158159
Congressional District 4,Minnesota,721132,1,-49344.61839080462,false,255932826,321,0.7636199595086283
Congressional District 6,Indiana,721123,1,-49353.61839080462,false,256653949,322,0.7657715550060372
Congressional District 8,Missouri,721059,1,-49417.61839080462,false,257375008,323,0.7679229595483499
Congressional District 6,Michigan,720214,1,-50262.61839080462,false,258095222,324,0.7700718428866582
Congressional District 14,California,719826,1,-50650.61839080462,false,258815048,325,0.7722195685596958
Congressional District 14,Ohio,719537,1,-50939.61839080462,false,259534585,326,0.7743664319511271
Congressional District 10,Illinois,719131,1,-51345.61839080462,false,260253716,327,0.7765120839711669
Congressional District 21,California,718991,1,-51485.61839080462,false,260972707,328,0.7786573182769337
Congressional District 12,California,718792,1,-51684.61839080462,false,261691499,329,0.7808019588316985
Congressional District 2,California,718090,1,-52386.61839080462,false,262409589,330,0.7829445048477517
Congressional District 11,Illinois,717925,1,-52551.61839080462,false,263127514,331,0.7850865585576975
Congressional District 8,Georgia,717457,1,-53019.61839080462,false,263844971,332,0.7872272159085025
Congressional District 26,California,717217,1,-53259.61839080462,false,264562188,333,0.7893671571776967
Congressional District 8,Indiana,717065,1,-53411.61839080462,false,265279253,334,0.7915066449285374
Congressional District 5,Pennsylvania,716820,1,-53656.61839080462,false,265996073,335,0.7936454016794006
Congressional District 1,Connecticut,716422,1,-54054.61839080462,false,266712495,336,0.7957829709282592
Congressional District 1,Maine,716258,1,-54218.61839080462,false,267428753,337,0.7979200508546839
Congressional District 7,Michigan,715356,1,-55120.61839080462,false,268144109,338,0.8000544395077215
Congressional District 24,New York,715194,1,-55282.61839080462,false,268859303,339,0.8021883448056718
Congressional District 1,Hawaii,715138,1,-55338.61839080462,false,269574441,340,0.8043220830179131
Congressional District 34,Texas,715023,1,-55453.61839080462,false,270289464,341,0.8064554781077158
Congressional District 4,Ohio,714581,1,-55895.61839080462,false,271004045,342,0.8085875544138854
Congressional District 8,Tennessee,714283,1,-56193.61839080462,false,271718328,343,0.8107187415853884
Congressional District 1,Arkansas,714143,1,-56333.61839080462,false,272432471,344,0.8128495110426185
Congressional District 1,Kentucky,713098,1,-57378.61839080462,false,273145569,345,0.8149771625611684
Congressional District 2,New Mexico,712769,1,-57707.61839080462,false,273858338,346,0.817103832451177
Congressional District 48,California,712717,1,-57759.61839080462,false,274571055,347,0.8192303471901698
Congressional District 9,Michigan,711987,1,-58489.61839080462,false,275283042,348,0.8213546838475968
Congressional District 12,New York,711858,1,-58618.61839080462,false,275994900,349,0.823478635611158
Congressional District 2,Kansas,711743,1,-58733.61839080462,false,276706643,350,0.8256022442522807
Congressional District 3,Connecticut,711522,1,-58954.61839080462,false,277418165,351,0.8277251935015868
Congressional District 13,Texas,710745,1,-59731.61839080462,false,278128910,352,0.8298458244366782
Congressional District 1,Missouri,710566,1,-59910.61839080462,false,278839476,353,0.831965921294235
Congressional District 5,California,710312,1,-60164.61839080462,false,279549788,354,0.8340852602987536
Congressional District 9,Pennsylvania,709976,1,-60500.61839080462,false,280259764,355,0.8362035967890172
Congressional District 8,Pennsylvania,709790,1,-60686.61839080462,false,280969554,356,0.8383213783160326
Congressional District 3,South Carolina,708699,1,-61777.61839080462,false,281678253,357,0.8404359046553924
Congressional District 4,Alabama,708532,1,-61944.61839080462,false,282386785,358,0.8425499327212982
Congressional District 1,New Hampshire,708467,1,-62009.61839080462,false,283095252,359,0.8446637668484344
Congressional District 1,Michigan,707596,1,-62880.61839080462,false,283802848,360,0.8467750021960582
Congressional District 21,New York,707234,1,-63242.61839080462,false,284510082,361,0.8488851574539192
Congressional District 51,California,707085,1,-63391.61839080462,false,285217167,362,0.8509948681444469
Congressional District 2,Connecticut,706620,1,-63856.61839080462,false,285923787,363,0.8531031914268538
Congressional District 2,Nebraska,706307,1,-64169.61839080462,false,286630094,364,0.8552105808194933
Congressional District 3,New Mexico,704555,1,-65921.61839080462,false,287334649,365,0.8573127428163745
Congressional District 19,New York,704391,1,-66085.61839080462,false,288039040,366,0.8594144154908216
Congressional District 9,Ohio,704330,1,-66146.61839080462,false,288743370,367,0.8615159061611928
Congressional District 13,Ohio,704120,1,-66356.61839080462,false,289447490,368,0.8636167702601545
Congressional District 18,Illinois,702453,1,-68023.61839080462,false,290149943,369,0.8657126605755949
Congressional District 47,California,701834,1,-68642.61839080462,false,290851777,370,0.8678067039972144
Congressional District 46,California,701726,1,-68750.61839080462,false,291553503,371,0.869900425182109
Congressional District 8,Illinois,701275,1,-69201.61839080462,false,292254778,372,0.8719928007303102
Congressional District 1,California,701063,1,-69413.61839080462,false,292955841,373,0.8740845437397551
Congressional District 37,California,700635,1,-69841.61839080462,false,293656476,374,0.8761750097369942
Congressional District 4,Michigan,698588,1,-71888.61839080462,false,294355064,375,0.8782593681548285
Congressional District 1,New Mexico,698553,1,-71923.61839080462,false,295053617,376,0.8803436221440946
Congressional District 44,California,698216,1,-72260.61839080462,false,295751833,377,0.8824268706354322
Congressional District 1,Kansas,697903,1,-72573.61839080462,false,296449736,378,0.8845091852370025
Congressional District 34,California,696606,1,-73870.61839080462,false,297146342,379,0.8865876300142015
Congressional District 28,California,694675,1,-75801.61839080462,false,297841017,380,0.8886603133181074
Congressional District 13,Pennsylvania,694541,1,-75935.61839080462,false,298535558,381,0.8907325968097807
Congressional District 18,Pennsylvania,693764,1,-76712.61839080462,false,299229322,382,0.8928025619872392
Congressional District 9,Virginia,693122,1,-77354.61839080462,false,299922444,383,0.8948706116463889
Congressional District 29,California,691770,1,-78706.61839080462,false,300614214,384,0.8969346273791315
Congressional District 1,Minnesota,691635,1,-78841.61839080462,false,301305849,385,0.8989982403159682
Congressional District 38,California,691366,1,-79110.61839080462,false,301997215,386,0.901061050644666
Congressional District 13,Illinois,690804,1,-79672.61839080462,false,302688019,387,0.9031221841489254
Congressional District 2,Alabama,690107,1,-80369.61839080462,false,303378126,388,0.9051812380328403
Congressional District 5,Kentucky,689987,1,-80489.61839080462,false,304068113,389,0.9072399338759499
Congressional District 14,New York,689682,1,-80794.61839080462,false,304757795,390,0.9092977196986792
Congressional District 22,New York,689366,1,-81110.61839080462,false,305447161,391,0.911354562680621
Congressional District 32,California,689035,1,-81441.61839080462,false,306136196,392,0.9134104180666746
Congressional District 4,Arkansas,688815,1,-81661.61839080462,false,306825011,393,0.9154656170445851
Congressional District 27,California,688082,1,-82394.61839080462,false,307513093,394,0.9175186289899094
Congressional District 9,Tennessee,687676,1,-82800.61839080462,false,308200769,395,0.9195704295638423
Congressional District 16,Pennsylvania,687347,1,-83129.61839080462,false,308888116,396,0.9216212485092337
Congressional District 23,New York,687238,1,-83238.61839080462,false,309575354,397,0.923671742234227
Congressional District 33,California,686798,1,-83678.61839080462,false,310262152,398,0.9257209231429339
Congressional District 1,Nevada,686299,1,-84177.61839080462,false,310948451,399,0.9277686151986251
Congressional District 16,Illinois,686140,1,-84336.61839080462,false,311634591,400,0.9298158328502493
Congressional District 4,Wisconsin,685822,1,-84654.61839080462,false,312320413,401,0.9318621016937392
Congressional District 29,Texas,685520,1,-84956.61839080462,false,313005933,402,0.933907469467869
Congressional District 14,Pennsylvania,684640,1,-85836.61839080462,false,313690573,403,0.9359502116094259
Congressional District 12,Pennsylvania,684344,1,-86132.61839080462,false,314374917,404,0.9379920705836631
Congressional District 8,Minnesota,681907,1,-88569.61839080462,false,315056824,405,0.940026658345878
Congressional District 40,California,681700,1,-88776.61839080462,false,315738524,406,0.9420606284877034
Congressional District 6,Ohio,681651,1,-88825.61839080462,false,316420175,407,0.9440944524295335
Congressional District 2,Illinois,681277,1,-89199.61839080462,false,317101452,408,0.9461271604775201
Congressional District 7,New York,680802,1,-89674.61839080462,false,317782254,409,0.9481584512806521
Congressional District 2,New Hampshire,680525,1,-89951.61839080462,false,318462779,410,0.9501889156062585
Congressional District 1,Illinois,676454,1,-94022.61839080462,false,319139233,411,0.9522072333975427
Congressional District 11,Ohio,676238,1,-94238.61839080462,false,319815471,412,0.9542249067153773
Congressional District 15,Illinois,675647,1,-94829.61839080462,false,320491118,413,0.9562408166822454
Congressional District 13,Michigan,674738,1,-95738.61839080462,false,321165856,414,0.9582540144900128
Congressional District 2,Georgia,672932,1,-97544.61839080462,false,321838788,415,0.9602618237836595
Congressional District 14,Michigan,672799,1,-97677.61839080462,false,322511587,416,0.9622692362487469
Delegate District,District of Columbia,670050,0,-100426.61839080462,false,323181637,416,0.9642684465957181
Congressional District 15,Pennsylvania,667819,1,-102657.61839080462,false,323849456,417,0.9662610003673827
Congressional District 12,Illinois,667669,1,-102807.61839080462,false,324517125,418,0.9682531065880406
Congressional District 7,Alabama,666820,1,-103656.61839080462,false,325183945,419,0.9702426796700006
Congressional District 7,Minnesota,666533,1,-103943.61839080462,false,325850478,420,0.9722313964377011
Congressional District 17,Illinois,665076,1,-105400.61839080462,false,326515554,421,0.9742157659932896
Congressional District 5,Michigan,664225,1,-106251.61839080462,false,327179779,422,0.9761975964428335
Congressional District 1,Nebraska,662804,1,-107672.61839080462,false,327842583,423,0.9781751870925073
Congressional District 6,South Carolina,660275,1,-110201.61839080462,false,328502858,424,0.9801452320322078
Congressional District 2,Mississippi,660002,1,-110474.61839080462,false,329162860,425,0.9821144624290761
Congressional District 2,Maine,655989,1,-114487.61839080462,false,329818849,426,0.9840717193446783
Congressional District,Vermont,645570,1,-124906.61839080462,true,330464419,427,0.9859978893673544
Congressional District 4,Illinois,640957,1,-129519.61839080462,false,331105376,428,0.9879102957047375
Congressional District 2,West Virginia,620298,1,-150178.61839080462,false,331725674,429,0.9897610623338032
Congressional District 1,West Virginia,600701,1,-169775.61839080462,false,332326375,430,0.9915533579156791
Congressional District 3,Nebraska,594581,1,-175895.61839080462,false,332920956,431,0.9933273934164811
Congressional District,Wyoming,578803,1,-191673.61839080462,true,333499759,432,0.9950543525187241
Congressional District 3,West Virginia,561960,1,-208516.61839080462,false,334061719,433,0.9967310576102604
Congressional District 1,Rhode Island,551922,1,-218554.61839080462,false,334613641,434,0.9983778125884277
Congressional District 2,Rhode Island,543688,1,-226788.61839080462,false,335157329,435,1