Solved,Puzzle_Date,Day_of_Week,Time_Taken,Adjusted_Time,Average Time,Average Adjusted_Time,Completed At (ET),Checks,Reveals,Constructor
True,2022-07-06,We,1341,1341,860.6,1413.1,2022-07-06 20:39:31,0,0,Sam Koperwas and Jeff Chen
True,2022-07-05,Tu,477,477,586.4,586.4,2022-07-05 13:09:46,0,0,Malgorzata Nowakowska and Eileen Williams
True,2022-07-04,Mo,597,597,432.8,432.8,2022-07-04 11:24:22,0,0,Bruce Haight
True,2022-07-03,Su,1348,1348,1867.9,3809.7,2022-07-04 13:26:48,0,0,Tom McCoy
True,2022-06-30,Th,2184,2184,1840.6,2687.1,2022-06-30 13:31:08,0,0,Samuel A. Donaldson and Doug Peterson
True,2022-06-29,We,742,742,882.5,1435.0,2022-06-29 11:05:04,0,0,Jared Goudsmit
True,2022-06-28,Tu,585,585,564.0,564.0,2022-06-28 13:24:57,0,0,Scott Graham
True,2022-06-27,Mo,279,279,436.0,436.0,2022-06-27 08:48:04,0,0,Drew Schmenner
True,2022-06-26,Su,1591,1591,1896.5,3838.3,2022-06-26 15:01:20,0,0,Matthew Stock and Finn Vigeland
False,2022-06-24,Fr,1735,4560,2011.2,2620.7,2022-06-24 16:00:15,190,0,Sophia Maymudes and Margaret Seikel
True,2022-06-23,Th,2200,2200,1715.6,2562.1,2022-06-24 15:58:53,0,0,Jeff Chen
True,2022-06-21,Tu,444,444,570.7,570.7,2022-06-21 11:05:28,0,0,Alex Eaton-Salners
True,2022-06-20,Mo,411,411,434.0,434.0,2022-06-20 09:14:13,0,0,Christopher Youngs
True,2022-06-19,Su,1520,1520,2000.1,4423.8,2022-06-19 13:30:23,0,0,Jeremy Newton
True,2022-06-17,Fr,1300,1300,2064.1,2673.6,2022-06-17 16:10:28,0,0,Pao Roy
True,2022-06-16,Th,1637,1637,1859.2,2705.7,2022-06-17 10:32:14,0,0,Parker Higgins and Ross Trudeau
True,2022-06-15,We,1144,1144,931.5,1484.0,2022-06-15 14:28:23,0,0,Rob Baker
True,2022-06-14,Tu,348,348,580.7,580.7,2022-06-14 12:44:47,0,0,Robert Won
True,2022-06-13,Mo,319,319,426.9,426.9,2022-06-13 12:55:45,0,0,Hoang-Kim Vu and Jessica Zetzman
True,2022-06-12,Su,1291,1291,2115.3,5019.2,2022-06-12 16:36:10,0,0,Will Nediger
True,2022-06-11,Sa,3500,3500,3193.9,4942.4,2022-06-12 12:37:59,0,0,Sid Sivakumar
False,2022-06-10,Fr,1316,4036,2073.3,2410.8,2022-06-11 12:26:15,188,0,Blake Slonecker
False,2022-06-09,Th,3831,7064,1769.2,2620.8,2022-06-09 21:16:39,189,0,Dan Ziring
True,2022-06-07,Tu,340,340,605.2,605.2,2022-06-08 11:39:58,0,0,Carly Schuna
True,2022-06-06,Mo,304,304,436.8,436.8,2022-06-06 12:59:06,0,0,Michael Schlossberg
False,2022-06-05,Su,1918,6536,2069.9,4512.0,2022-06-05 15:42:11,370,0,Christina Iverson and Katie Hale
True,2022-06-04,Sa,2179,2179,3180.9,5223.4,2022-06-04 13:24:23,0,0,Scott Earl
True,2022-06-03,Fr,1690,1690,2037.8,2375.3,2022-06-03 12:45:35,0,0,Robyn Weintraub
True,2022-06-02,Th,1534,1534,1724.5,2576.1,2022-06-03 18:49:43,0,0,Michael Lieberman
False,2022-06-01,We,1771,4561,847.0,1120.5,2022-06-03 18:52:32,186,0,Chase Dittrich
True,2022-05-31,Tu,751,751,620.1,620.1,2022-05-31 07:52:15,0,0,Sam Buchbinder and Brad Wilber
True,2022-05-29,Su,1049,1049,2226.5,4668.6,2022-05-29 17:21:22,0,0,Daniel Bodily and Jeff Chen
False,2022-05-28,Sa,2247,5300,3133.5,4870.7,2022-05-28 16:03:47,191,2,Joseph Greenbaum
True,2022-05-27,Fr,1618,1618,2047.9,2678.8,2022-05-27 16:39:24,0,0,David Distenfeld
True,2022-05-26,Th,1089,1089,1805.4,2657.0,2022-05-28 12:12:45,0,0,Jonathan M. Kaye
True,2022-05-25,We,647,647,859.0,1132.5,2022-05-25 10:21:41,0,0,Christopher Youngs
True,2022-05-24,Tu,847,847,588.8,588.8,2022-05-24 15:09:56,0,0,Ella Dershowitz
True,2022-05-23,Mo,478,478,434.1,434.1,2022-05-24 14:42:22,0,0,Simon Marotte
True,2022-05-22,Su,2009,2009,2230.2,4672.3,2022-05-23 18:09:58,0,0,David and Karen and Paul Steinberg
True,2022-05-18,We,673,673,852.3,1125.8,2022-05-18 10:14:23,0,0,Andy Kravis
True,2022-05-17,Tu,510,510,593.4,593.4,2022-05-17 14:34:09,0,0,Richard D. Allen
True,2022-05-16,Mo,496,496,429.0,429.0,2022-05-16 18:59:34,0,0,Lynn Lempel
False,2022-05-15,Su,2615,7298,2117.1,4090.9,2022-05-16 20:39:49,362,0,Daniel Mauer
True,2022-05-13,Fr,1437,1437,2081.3,2712.2,2022-05-13 12:45:25,0,0,Brooke Husic and Nam Jin Yoon
False,2022-05-12,Th,1264,3910,1826.9,2688.1,2022-05-12 12:40:05,182,0,Ross Trudeau
False,2022-05-11,We,713,3448,915.4,915.4,2022-05-12 11:09:59,201,0,Michael Paleos
True,2022-05-10,Tu,431,431,614.6,614.6,2022-05-10 13:57:53,0,0,Lou Weiss
True,2022-05-09,Mo,451,451,595.6,893.0,2022-05-09 12:21:51,0,0,August Miller
False,2022-05-08,Su,1489,6231,2128.0,3627.6,2022-05-08 16:59:29,393,0,Matthew Stock and Chandi Deitmer
True,2022-05-04,We,550,550,970.3,1249.5,2022-05-04 08:41:54,0,0,Eric Bornstein
True,2022-05-03,Tu,704,704,630.5,630.5,2022-05-03 10:26:50,0,0,Julian Lim
True,2022-05-02,Mo,440,440,578.2,875.6,2022-05-03 10:08:59,0,0,Erik Agard
False,2022-05-01,Su,2898,8273,1964.3,2926.4,2022-05-01 15:54:09,432,0,Brandon Koppy
True,2022-04-28,Th,1416,1416,1758.3,2619.5,2022-04-28 13:43:44,0,0,Pao Roy
True,2022-04-27,We,597,597,978.4,1257.6,2022-04-27 08:39:40,0,0,Alex Bajcz
True,2022-04-26,Tu,904,904,586.3,586.3,2022-04-26 13:30:00,0,0,Simon Marotte
True,2022-04-25,Mo,282,282,591.5,888.9,2022-04-25 12:55:25,0,0,Li Ding
True,2022-04-24,Su,2299,2299,2049.1,3510.4,2022-04-24 19:13:13,0,0,Sam Ezersky
True,2022-04-20,We,594,594,969.9,1249.1,2022-04-20 11:58:09,0,0,Joseph Greenbaum
True,2022-04-19,Tu,361,361,596.1,596.1,2022-04-20 11:16:30,0,0,Olivia Mitra Framke
True,2022-04-18,Mo,868,868,545.4,842.8,2022-04-18 08:04:51,0,0,Carl Larson
True,2022-04-13,We,1175,1175,907.7,1186.9,2022-04-14 13:56:39,0,0,Rebecca Goldstein
True,2022-04-12,Tu,511,511,625.2,877.4,2022-04-12 14:17:21,0,0,Dan Schoenholz
True,2022-04-11,Mo,311,311,554.3,851.7,2022-04-11 10:15:59,0,0,Rachel Simon
True,2022-04-10,Su,1877,1877,2118.7,3580.0,2022-04-10 18:47:13,0,0,David W. Tuffs
True,2022-04-05,Tu,448,448,638.0,890.2,2022-04-05 17:01:05,0,0,Bruce Haight
True,2022-04-04,Mo,391,391,564.5,861.9,2022-04-04 10:06:12,0,0,Derek J. Angell
False,2022-04-03,Su,2556,7375,2039.2,3018.6,2022-04-03 20:41:04,378,0,Byron Walden
True,2022-03-30,We,961,961,873.9,1153.1,2022-03-30 10:01:50,0,0,Jack Murtagh
True,2022-03-29,Tu,585,585,661.1,913.3,2022-03-29 10:25:03,0,0,Jamey Smith
True,2022-03-28,Mo,248,248,572.8,870.2,2022-03-28 10:17:29,0,0,Leslie Rogers
False,2022-03-27,Su,2443,7245,2038.0,2537.2,2022-03-27 19:43:03,349,5,August Lee-Kovach
True,2022-03-25,Fr,2228,2228,1997.4,2628.3,2022-03-25 15:27:03,0,0,Evans Clinchy
True,2022-03-23,We,1634,1634,786.8,1066.0,2022-03-23 11:40:24,0,0,Barbara Lin
True,2022-03-22,Tu,900,900,674.9,927.1,2022-03-22 15:56:35,0,0,Adam Wagner
True,2022-03-21,Mo,403,403,571.2,868.6,2022-03-21 09:46:32,0,0,John Ewbank and Jeff Chen
True,2022-03-20,Su,1464,1464,2178.9,3153.4,2022-03-20 19:37:48,0,0,Brad Wiegmann
False,2022-03-19,Sa,5049,7535,2884.7,4681.4,2022-03-20 19:44:05,100,0,Ryan McCarty
True,2022-03-17,Th,1685,1685,1737.2,2865.1,2022-03-18 09:36:44,0,0,Daniel Bodily and Jeff Chen
True,2022-03-16,We,926,926,837.3,1419.9,2022-03-16 10:28:36,0,0,Joseph Gangi
True,2022-03-15,Tu,534,534,682.6,934.8,2022-03-15 19:19:33,0,0,Michael Lieberman
True,2022-03-14,Mo,451,451,566.6,864.0,2022-03-14 14:16:52,0,0,Stephen Hiltner
True,2022-03-13,Su,2615,2615,2074.2,3048.7,2022-03-13 20:53:50,0,0,Christina Iverson and Katie Hale
True,2022-03-08,Tu,556,556,696.2,948.4,2022-03-08 10:26:11,0,0,Mary Lou Guizzo
True,2022-03-07,Mo,445,445,549.3,846.7,2022-03-07 08:20:36,0,0,Sam Acker
True,2022-03-06,Su,2046,2046,2166.1,3613.2,2022-03-06 15:33:43,0,0,Matthew Stock and Will Nediger
False,2022-03-05,Sa,3338,6515,2766.3,4536.1,2022-03-06 10:43:33,193,0,Nam Jin Yoon
False,2022-03-03,Th,2036,4622,1620.1,2489.4,2022-03-04 13:18:49,162,0,August Lee-Kovach
True,2022-03-02,We,767,767,837.9,1420.5,2022-03-03 10:09:23,0,0,Dylan Schiff
True,2022-03-01,Tu,643,643,672.9,925.1,2022-03-01 12:05:43,0,0,Lisa Senzel and Jeff Chen
True,2022-02-27,Su,1484,1484,2274.5,4192.7,2022-02-27 17:35:03,0,0,Sheldon Polonsky
True,2022-02-23,We,606,606,839.9,1422.5,2022-02-23 09:49:09,0,0,Rose Conlon
True,2022-02-22,Tu,863,863,633.3,885.5,2022-02-22 21:22:40,0,0,Jacob McDermott
False,2022-02-21,Mo,2117,5091,372.9,372.9,2022-02-21 17:41:08,197,0,Natalie Murphy
True,2022-02-20,Su,1598,1598,2225.8,4144.0,2022-02-20 11:49:09,0,0,Victor Barocas
True,2022-02-19,Sa,4086,4086,2569.9,4339.7,2022-02-19 15:55:39,0,0,Billy Bratton
True,2022-02-18,Fr,1444,1444,1995.0,2898.9,2022-02-18 11:32:13,0,0,Aimee Lucido
True,2022-02-16,We,1344,1344,786.4,1369.0,2022-02-16 15:00:05,0,0,Rich Proulx
True,2022-02-15,Tu,462,462,627.0,879.2,2022-02-15 14:22:11,0,0,Claire Rimkus
True,2022-02-14,Mo,266,266,381.5,381.5,2022-02-14 09:55:58,0,0,Alan Siegel
True,2022-02-13,Su,1261,1261,2213.0,4131.2,2022-02-13 13:27:38,0,0,David Steinberg
True,2022-02-10,Th,1714,1714,1689.1,2558.4,2022-02-10 13:37:15,0,0,August Miller
False,2022-02-09,We,1099,3891,873.8,1177.2,2022-02-09 14:49:52,188,2,Grant Thackray
True,2022-02-08,Tu,459,459,623.1,875.3,2022-02-08 10:57:33,0,0,Adam Aaronson and Jack Joshi and Jackson Janes
True,2022-02-07,Mo,415,415,402.4,402.4,2022-02-07 12:41:34,0,0,Rebecca Goldstein
False,2022-02-06,Su,3147,8139,2078.0,3497.0,2022-02-06 21:36:18,384,0,Stephen McCarthy
True,2022-02-02,We,678,678,864.2,1167.6,2022-02-02 10:10:01,0,0,Meredith Colton Hazy
False,2022-02-01,Tu,802,3324,589.3,589.3,2022-02-01 23:50:12,179,0,Zhouqin Burnikel
True,2022-01-31,Mo,407,407,415.5,415.5,2022-01-31 11:24:37,0,0,Eric Bornstein
True,2022-01-30,Su,2573,2573,1985.6,3404.6,2022-01-30 21:10:34,0,0,Ross Trudeau
False,2022-01-29,Sa,7044,10772,2100.0,3497.0,2022-01-30 16:42:28,175,0,Andrew Ries and Caitlin Reid
True,2022-01-26,We,509,509,907.9,1211.3,2022-01-26 09:46:56,0,0,Michael Schlossberg
True,2022-01-25,Tu,576,576,615.4,615.4,2022-01-25 11:26:39,0,0,Ray Brunsberg and Ellen Brunsberg
True,2022-01-24,Mo,400,400,419.5,419.5,2022-01-24 09:05:37,0,0,John Guzzetta
True,2022-01-23,Su,1761,1761,1940.7,3359.7,2022-01-23 20:26:18,0,0,Nancy Stark and Will Nediger
True,2022-01-22,Sa,1406,1406,2194.4,3591.4,2022-01-22 10:35:27,0,0,Daniel Okulitch
True,2022-01-21,Fr,1689,1689,2017.8,3206.7,2022-01-22 10:37:22,0,0,Kyle Dolan
True,2022-01-20,Th,950,950,1708.7,2578.0,2022-01-20 11:10:38,0,0,Howard Barkin
True,2022-01-19,We,553,553,1021.6,1325.0,2022-01-19 10:58:02,0,0,Ori Brian
True,2022-01-18,Tu,816,816,605.5,605.5,2022-01-18 10:46:49,0,0,Kate Schutzengel
True,2022-01-17,Mo,493,493,423.1,423.1,2022-01-17 09:57:42,0,0,Evan Mahnken
True,2022-01-16,Su,2431,2431,1925.7,3344.7,2022-01-16 11:46:40,0,0,Derrick Niederman
True,2022-01-15,Sa,2106,2106,2126.7,3523.7,2022-01-15 11:20:33,0,0,Sam Ezersky
True,2022-01-13,Th,3073,3073,1551.4,2420.7,2022-01-13 13:18:04,0,0,Karen Lurie
True,2022-01-12,We,623,623,1004.6,1308.0,2022-01-12 08:39:29,0,0,Adam Aaronson
True,2022-01-11,Tu,1038,1038,559.6,559.6,2022-01-11 11:35:02,0,0,Ross Trudeau
True,2022-01-10,Mo,331,331,446.6,446.6,2022-01-10 09:44:23,0,0,Lynn Lempel
False,2022-01-09,Su,2873,7626,1888.2,3303.4,2022-01-09 16:53:51,364,0,Timothy Polin
True,2022-01-04,Tu,611,611,563.2,563.2,2022-01-04 12:28:00,0,0,David Bukszpan
True,2022-01-02,Su,1568,1568,2026.4,3920.3,2022-01-02 13:34:59,0,0,Paolo Pasco
True,2021-12-29,We,763,763,1044.2,1347.6,2021-12-29 13:56:27,0,0,Simon Marotte and Victor Fleming
True,2021-12-28,Tu,692,692,579.5,579.5,2021-12-28 11:45:32,0,0,Kathy Wienberg
True,2021-12-27,Mo,387,387,450.7,450.7,2021-12-27 16:58:20,0,0,Adam Aaronson
False,2021-12-26,Su,2965,7691,1871.3,3292.6,2021-12-26 18:08:31,359,0,Christina Iverson
False,2021-12-23,Th,2931,6215,1410.9,1951.8,2021-12-25 19:38:44,185,5,Stephen McCarthy
False,2021-12-22,We,1431,4465,962.8,962.8,2021-12-25 19:28:23,185,6,Noki Trias and Lawrence Barrett
True,2021-12-21,Tu,410,410,605.7,605.7,2021-12-21 10:18:01,0,0,Guilherme Gilioli
True,2021-12-20,Mo,405,405,455.9,455.9,2021-12-22 10:54:37,0,0,Anne Rowley
True,2021-12-17,Fr,2426,2426,1882.7,3071.6,2021-12-17 16:14:57,0,0,Evans Clinchy
True,2021-12-15,We,773,773,1009.5,1009.5,2021-12-15 09:30:04,0,0,Jessie Bullock and Ross Trudeau
True,2021-12-14,Tu,467,467,630.3,630.3,2021-12-14 10:39:57,0,0,Tao Platt
True,2021-12-13,Mo,272,272,459.2,459.2,2021-12-13 08:16:50,0,0,Tomas Spiers
False,2021-12-12,Su,2568,7279,1750.7,2700.9,2021-12-12 16:50:17,366,0,Daniel Okulitch and Doug Peterson
False,2021-12-11,Sa,2357,5274,2085.0,3190.3,2021-12-11 12:03:13,187,0,Hal Moore
False,2021-12-10,Fr,4964,8339,1713.5,2876.0,2021-12-11 18:08:54,181,0,Joe DiPietro
True,2021-12-09,Th,1087,1087,1471.8,2012.7,2021-12-09 08:55:23,0,0,Alexander Liebeskind
True,2021-12-08,We,626,626,1009.8,1009.8,2021-12-08 08:58:58,0,0,Philip Koski
True,2021-12-07,Tu,399,399,679.2,679.2,2021-12-07 10:56:07,0,0,Margaret Seikel
True,2021-12-06,Mo,353,353,466.2,466.2,2021-12-06 09:06:21,0,0,Emily Rourke
True,2021-12-05,Su,1111,1111,1922.9,3369.6,2021-12-05 12:26:32,0,0,Chase Dittrich and Jeff Chen
False,2021-12-04,Sa,2127,4251,2101.9,2994.8,2021-12-04 18:18:21,119,0,Nam Jin Yoon
True,2021-12-03,Fr,1829,1829,1703.8,2866.3,2021-12-03 15:26:44,0,0,Claire Rimkus
True,2021-12-02,Th,1898,1898,1393.4,1934.3,2021-12-02 18:24:58,0,0,Rebecca Goldstein
True,2021-12-01,We,809,809,985.0,985.0,2021-12-01 17:31:08,0,0,Christopher Youngs
True,2021-11-30,Tu,420,420,712.8,712.8,2021-11-30 08:49:56,0,0,Billy Ouska
True,2021-11-29,Mo,352,352,480.2,480.2,2021-11-29 08:35:07,0,0,Enrique Henestroza Anguiano
False,2021-11-25,Th,1479,4221,1684.3,2284.4,2021-11-25 11:35:39,187,0,Chase Dittrich
True,2021-11-23,Tu,464,464,712.0,712.0,2021-11-23 13:49:33,0,0,Eric Bornstein
True,2021-11-22,Mo,624,624,457.5,457.5,2021-11-22 09:13:55,0,0,Stella Zawistowski
False,2021-11-20,Sa,2049,4989,2224.5,2823.4,2021-11-20 19:17:26,195,0,Mary Lou Guizzo and Jeff Chen
True,2021-11-19,Fr,1408,1408,1740.9,2903.4,2021-11-19 11:51:52,0,0,John Hawksley
True,2021-11-18,Th,730,730,1854.6,2454.7,2021-11-18 10:11:50,0,0,Ori Brian
True,2021-11-17,We,1973,1973,923.1,923.1,2021-11-17 15:39:46,0,0,Anne Grae Martin
True,2021-11-16,Tu,837,837,707.1,968.5,2021-11-16 23:22:20,0,0,Drew Schmenner
True,2021-11-15,Mo,538,538,433.2,433.2,2021-11-16 23:05:58,0,0,Ian Rathkey
True,2021-11-14,Su,1133,1133,1982.0,3428.7,2021-11-14 19:13:09,0,0,Aimee Lucido and Ella Dershowitz
True,2021-11-10,We,582,582,947.9,947.9,2021-11-10 17:52:59,0,0,Max Chen Lauring and Benjamin Chen Lauring
True,2021-11-09,Tu,717,717,683.7,945.1,2021-11-09 20:15:46,0,0,Jennifer Lee and Victor Galson
True,2021-11-08,Mo,440,440,438.5,438.5,2021-11-08 12:20:19,0,0,Carl Larson
True,2021-11-07,Su,1797,1797,2013.3,3460.0,2021-11-07 18:48:34,0,0,Sid Sivakumar
True,2021-11-06,Sa,1773,1773,2290.3,2889.2,2021-11-06 12:02:16,0,0,Brooke Husic and Will Nediger
True,2021-11-05,Fr,1335,1335,1718.5,2881.0,2021-11-05 17:42:06,0,0,Joseph Greenbaum
False,2021-11-04,Th,1474,4141,1894.9,2228.3,2021-11-04 18:28:37,180,0,David Steinberg
True,2021-11-02,Tu,579,579,700.9,962.3,2021-11-02 12:49:37,0,0,Vaibhav Srikaran and Matthew Stock
True,2021-11-01,Mo,529,529,422.5,422.5,2021-11-01 08:44:29,0,0,Fiona Taylor
True,2021-10-31,Su,1649,1649,1983.1,3429.8,2021-10-31 17:39:58,0,0,Alex Eaton-Salners
False,2021-10-30,Sa,2561,5642,2374.5,2665.3,2021-10-30 14:19:09,193,1,Michael Hawkins
False,2021-10-29,Fr,1719,4653,1770.9,2640.0,2021-10-30 11:53:59,195,1,Aimee Lucido
True,2021-10-27,We,946,946,961.4,961.4,2021-10-27 12:46:24,0,0,Johanna Fenimore
True,2021-10-26,Tu,647,647,681.5,942.9,2021-10-26 10:50:35,0,0,Michael Schlossberg
True,2021-10-25,Mo,566,566,439.3,439.3,2021-10-25 11:23:36,0,0,Damon Gulczynski
True,2021-10-24,Su,1312,1312,2079.8,3989.0,2021-10-24 17:21:47,0,0,Katie Hale
True,2021-10-22,Fr,1771,1771,1738.2,2607.3,2021-10-22 12:29:51,0,0,Robyn Weintraub
True,2021-10-19,Tu,855,855,694.9,956.3,2021-10-19 08:52:22,0,0,Ross Trudeau
True,2021-10-18,Mo,428,428,428.5,428.5,2021-10-18 08:06:52,0,0,Freddie Cheng
True,2021-10-17,Su,2281,2281,2037.6,3946.8,2021-10-19 18:17:29,0,0,Jeff Chen
False,2021-10-16,Sa,2154,5062,2441.8,2441.8,2021-10-17 11:51:39,190,0,Caitlin Reid and Erik Agard
True,2021-10-14,Th,865,865,1981.9,2315.3,2021-10-14 09:25:47,0,0,Matt Fuchs
True,2021-10-12,Tu,672,672,668.1,929.5,2021-10-12 10:22:50,0,0,Conor Sefkow
True,2021-10-11,Mo,457,457,423.7,423.7,2021-10-11 09:31:18,0,0,Ben Pall
False,2021-10-10,Su,2498,7213,1995.6,3433.3,2021-10-10 16:44:38,368,0,Brandon Koppy
True,2021-10-08,Fr,1389,1389,2053.2,2922.3,2021-10-08 14:59:10,0,0,Yacob Yonas
True,2021-10-07,Th,2404,2404,1910.3,2243.7,2021-10-07 10:13:00,0,0,Timothy Polin
True,2021-10-06,We,1690,1690,903.3,903.3,2021-10-06 19:52:43,0,0,Jules Markey
True,2021-10-05,Tu,713,713,646.4,907.8,2021-10-05 12:59:48,0,0,Hoang-Kim Vu and Jessica Zetzman
True,2021-10-04,Mo,305,305,436.2,436.2,2021-10-04 08:31:15,0,0,Christina Iverson and Andrea Carla Michaels
False,2021-10-03,Su,2950,7737,1863.4,2822.4,2021-10-03 17:51:39,366,0,Trenton Charlson
True,2021-10-02,Sa,2122,2122,2363.9,2363.9,2021-10-02 14:28:16,0,0,Wendy L. Brandes
False,2021-10-01,Fr,1420,4150,2087.2,2683.3,2021-10-02 12:16:38,187,0,Jim Horne and Jeff Chen
True,2021-09-30,Th,1146,1146,2019.3,2352.7,2021-09-30 09:18:19,0,0,Rich Proulx
True,2021-09-28,Tu,888,888,635.3,896.7,2021-09-28 08:20:27,0,0,Meghan Morris
True,2021-09-27,Mo,423,423,461.8,461.8,2021-09-27 08:44:35,0,0,Zachary David Levy
True,2021-09-26,Su,1414,1414,1905.0,2864.0,2021-09-26 19:48:20,0,0,Priyanka Sethy and Matthew Stock
True,2021-09-22,We,453,453,947.4,947.4,2021-09-22 10:11:37,0,0,Grant Boroughs
True,2021-09-21,Tu,756,756,612.8,874.2,2021-09-22 10:02:54,0,0,Daniel Okulitch
True,2021-09-20,Mo,492,492,476.0,476.0,2021-09-20 08:28:42,0,0,Pao Roy
True,2021-09-19,Su,1362,1362,1967.8,2926.8,2021-09-19 17:58:06,0,0,Peter Gordon
True,2021-09-18,Sa,2345,2345,2331.5,2614.4,2021-09-18 15:22:18,0,0,Ryan McCarty
True,2021-09-16,Th,1500,1500,2095.7,2429.1,2021-09-16 11:20:33,0,0,Kevin Patterson
True,2021-09-15,We,1159,1159,940.6,940.6,2021-09-16 10:15:37,0,0,Sophie Buchmueller and Ross Trudeau
True,2021-09-13,Mo,397,397,585.4,585.4,2021-09-13 08:40:10,0,0,A. Tariq
True,2021-09-11,Sa,2350,2350,2348.4,2631.3,2021-09-11 18:23:56,0,0,Sid Sivakumar
True,2021-09-08,We,617,617,980.6,980.6,2021-09-08 08:10:24,0,0,Lee Taylor
True,2021-09-07,Tu,456,456,620.7,882.1,2021-09-07 07:59:09,0,0,Zhouqin Burnikel
True,2021-09-06,Mo,295,295,607.7,607.7,2021-09-06 10:05:57,0,0,Joshua Rosenblatt
False,2021-09-05,Su,2833,7798,1814.0,2276.5,2021-09-06 19:07:42,388,0,Grant Thackray
False,2021-09-03,Fr,1917,4767,2088.0,2399.1,2021-09-05 15:26:12,189,0,Brendan Emmett Quigley and Paolo Pasco
True,2021-09-01,We,1240,1240,985.5,985.5,2021-09-01 08:26:12,0,0,Sean Yamada-Hunter
False,2021-08-31,Tu,788,3402,587.5,587.5,2021-09-05 15:41:22,188,0,Eric Bornstein
True,2021-08-29,Su,1724,1724,1908.5,2847.3,2021-08-29 17:07:00,0,0,Dory Mintz
True,2021-08-27,Fr,1075,1075,2063.1,2374.2,2021-08-29 10:03:01,0,0,Robyn Weintraub
True,2021-08-25,We,629,629,1067.0,1067.0,2021-08-25 11:15:12,0,0,Adam Vincent
True,2021-08-24,Tu,483,483,661.0,661.0,2021-08-24 08:56:31,0,0,Jessie Bullock and Ross Trudeau
True,2021-08-23,Mo,493,493,595.2,595.2,2021-08-24 08:23:40,0,0,Bruce Haight
True,2021-08-18,We,561,561,1185.7,1185.7,2021-08-18 08:17:41,0,0,Alina Abidi
True,2021-08-17,Tu,751,751,632.6,632.6,2021-08-17 12:17:53,0,0,Ruth Bloomfield Margolin
True,2021-08-16,Mo,369,369,595.5,595.5,2021-08-16 10:48:03,0,0,Freddie Cheng
True,2021-08-15,Su,2110,2110,1798.8,2737.6,2021-08-16 21:27:58,0,0,Aimee Lucido and Ella Dershowitz
False,2021-08-13,Fr,3272,6383,1864.1,1864.1,2021-08-14 11:27:37,188,0,John Guzzetta and Michael Hawkins
True,2021-08-11,We,1354,1354,1134.3,1134.3,2021-08-11 08:21:28,0,0,Joe DiPietro
True,2021-08-10,Tu,453,453,722.6,722.6,2021-08-10 10:11:19,0,0,Anne Grae Martin
True,2021-08-09,Mo,734,734,567.0,567.0,2021-08-09 08:03:30,0,0,Alex Eaton-Salners
True,2021-08-08,Su,1347,1347,1829.5,2768.3,2021-08-08 17:54:07,0,0,Christina Iverson and Jeff Chen
True,2021-08-04,We,830,830,1126.9,1126.9,2021-08-04 10:38:20,0,0,Brandon Koppy
True,2021-08-03,Tu,989,989,710.4,710.4,2021-08-03 08:47:48,0,0,Trip Payne
True,2021-08-02,Mo,320,320,593.3,593.3,2021-08-02 07:53:45,0,0,Kyra Wilson
False,2021-08-01,Su,2279,6904,1753.0,2229.3,2021-08-01 20:13:25,363,0,Matthew Stock
True,2021-07-30,Fr,1732,1732,1820.9,1820.9,2021-07-30 14:10:32,0,0,Eric Bornstein
True,2021-07-27,Tu,404,404,701.3,701.3,2021-07-27 10:35:53,0,0,Jennifer Lee and Victor Galson
True,2021-07-26,Mo,409,409,581.3,581.3,2021-07-26 09:03:47,0,0,Tommy Pauly
True,2021-07-25,Su,1859,1859,1922.3,2398.6,2021-07-25 19:40:19,0,0,Chandi Deitmer
True,2021-07-24,Sa,1429,1429,2625.3,3203.5,2021-07-26 09:49:51,0,0,Adam Aaronson and Ricky Cruz
True,2021-07-22,Th,1526,1526,2507.7,3207.1,2021-07-22 09:15:20,0,0,John Guzzetta
True,2021-07-21,We,1081,1081,1152.8,1152.8,2021-07-21 08:09:36,0,0,Alex Vratsanos
True,2021-07-20,Tu,496,496,707.2,707.2,2021-07-20 11:11:32,0,0,Sam Buchbinder
True,2021-07-19,Mo,430,430,596.8,596.8,2021-07-19 09:54:32,0,0,Stephanie Lesser
True,2021-07-18,Su,2078,2078,1828.6,2304.9,2021-07-18 17:12:49,0,0,Jesse Goldberg
True,2021-07-15,Th,1696,1696,2545.9,3245.3,2021-07-15 09:10:53,0,0,Max Carpenter
True,2021-07-14,We,1109,1109,1187.3,1187.3,2021-07-14 08:21:18,0,0,Amanda Rafkin and Ross Trudeau
True,2021-07-13,Tu,777,777,711.3,973.3,2021-07-13 12:10:04,0,0,Bruce Haight
True,2021-07-12,Mo,679,679,592.9,852.1,2021-07-12 08:24:14,0,0,Kevin Christian
True,2021-07-11,Su,1628,1628,1880.4,2356.7,2021-07-11 19:26:56,0,0,Ashish Vengsarkar
True,2021-07-07,We,894,894,1194.9,1194.9,2021-07-07 08:03:04,0,0,Peter A. Collins
True,2021-07-06,Tu,531,531,699.2,961.2,2021-07-06 08:08:21,0,0,Katie Hale
True,2021-07-05,Mo,634,634,566.5,825.7,2021-07-05 11:28:01,0,0,Peter Gordon
True,2021-07-04,Su,1830,1830,1920.1,2866.2,2021-07-04 18:35:32,0,0,Howard Barkin
True,2021-07-02,Fr,1779,1779,1710.4,1710.4,2021-07-02 12:16:11,0,0,Brooke Husic and Adam Nicolle
True,2021-07-01,Th,1114,1114,2559.2,3533.4,2021-07-01 12:18:16,0,0,Joe Deeney
True,2021-06-30,We,1091,1091,1152.4,1152.4,2021-06-30 14:04:20,0,0,Christopher Adams and Adam Aaronson
True,2021-06-28,Mo,1491,1491,461.1,720.3,2021-06-28 10:06:58,0,0,Pamela F. Davis
True,2021-06-27,Su,1990,1990,1875.2,2821.3,2021-06-27 20:47:10,0,0,Ross Trudeau and Lindsey Hobbs
False,2021-06-24,Th,4388,7722,2622.9,3263.7,2021-06-25 12:54:26,188,0,Danny Lawson
True,2021-06-23,We,1017,1017,1120.0,1120.0,2021-06-23 07:52:24,0,0,Kate Hawkins
True,2021-06-22,Tu,535,535,732.2,994.2,2021-06-22 07:35:41,0,0,Matt Frederick
True,2021-06-20,Su,1295,1295,1922.4,2868.5,2021-06-20 14:18:58,0,0,Michael Lieberman
True,2021-06-19,Sa,1940,1940,2719.5,3635.7,2021-06-19 16:02:49,0,0,Sophia Maymudes
True,2021-06-18,Fr,1111,1111,1798.1,1798.1,2021-06-18 08:22:48,0,0,Daniel Larsen
True,2021-06-17,Th,2433,2433,2485.7,3126.5,2021-06-17 08:35:11,0,0,Blake Slonecker
True,2021-06-16,We,1289,1289,1154.8,1154.8,2021-06-16 11:23:36,0,0,Finn Vigeland
True,2021-06-15,Tu,456,456,761.9,1281.4,2021-06-15 08:27:51,0,0,Owen Travis
True,2021-06-14,Mo,518,518,468.5,727.7,2021-06-14 11:41:17,0,0,Andrea Carla Michaels and Doug Peterson
False,2021-06-13,Su,2669,7432,1899.3,2835.7,2021-06-13 20:25:35,363,1,Stephen McCarthy
True,2021-06-12,Sa,2296,2296,2885.3,4132.5,2021-06-12 11:42:23,0,0,Brooke Husic and Brian Thomas
True,2021-06-11,Fr,2243,2243,1752.3,1752.3,2021-06-11 08:56:37,0,0,Matthew Stock
True,2021-06-10,Th,1877,1877,2544.0,3522.7,2021-06-10 08:26:39,0,0,Sheldon Polonsky
True,2021-06-09,We,1444,1444,1120.9,1120.9,2021-06-09 09:32:46,0,0,Byron Walden
True,2021-06-08,Tu,1218,1218,750.1,1269.6,2021-06-08 09:56:17,0,0,Christopher Adams
True,2021-06-07,Mo,368,368,472.4,731.6,2021-06-07 09:59:18,0,0,Erika Ettin
True,2021-06-06,Su,1013,1013,2029.2,2965.6,2021-06-13 10:24:52,0,0,Robyn Weintraub
True,2021-06-04,Fr,1444,1444,1796.5,1796.5,2021-06-04 10:22:48,0,0,Nam Jin Yoon
True,2021-06-03,Th,1735,1735,2573.5,3552.2,2021-06-03 11:50:37,0,0,Kyra Wilson and Sophia Maymudes
True,2021-06-02,We,1748,1748,1048.3,1048.3,2021-06-02 09:44:47,0,0,Jesse Goldberg
True,2021-06-01,Tu,467,467,803.5,1590.8,2021-06-01 08:27:59,0,0,Finn Vigeland
True,2021-05-31,Mo,372,372,467.0,726.2,2021-05-31 10:19:02,0,0,Michael Lieberman
True,2021-05-30,Su,1654,1654,2078.9,3479.9,2021-05-30 13:18:12,0,0,Adam Wagner
True,2021-05-29,Sa,3275,3275,3012.4,4259.6,2021-05-29 11:01:59,0,0,Adam Aaronson
True,2021-05-28,Fr,4539,4539,1496.2,1496.2,2021-05-28 18:21:20,0,0,Andrew J. Ries
True,2021-05-27,Th,1688,1688,2572.7,3829.6,2021-05-27 18:11:11,0,0,Barbara Lin
True,2021-05-26,We,840,840,1071.4,1071.4,2021-05-26 10:48:18,0,0,Will Nediger
True,2021-05-25,Tu,1353,1353,736.9,1524.2,2021-05-25 08:57:59,0,0,Kristian House and Mike Dockins
True,2021-05-24,Mo,449,449,488.0,1010.2,2021-05-24 09:21:14,0,0,Adrienne Atkins
True,2021-05-23,Su,1514,1514,2201.2,4072.1,2021-05-23 20:07:52,0,0,Jennifer Nebergall
True,2021-05-19,We,756,756,1065.2,1065.2,2021-05-19 11:02:02,0,0,Ashish Vengsarkar
True,2021-05-18,Tu,867,867,719.6,1506.9,2021-05-18 08:47:49,0,0,Margaret Seikel
True,2021-05-17,Mo,583,583,465.2,987.4,2021-05-17 08:44:33,0,0,Wren Schultz
True,2021-05-16,Su,3552,3552,1974.6,3845.5,2021-05-16 18:08:14,0,0,Joe DiPietro
True,2021-05-14,Fr,1760,1760,1533.7,1533.7,2021-05-14 08:46:04,0,0,Yacob Yonas
True,2021-05-13,Th,2236,2236,2663.4,3920.3,2021-05-13 13:01:26,0,0,"Natan Last, Andy Kravis and the J.A.S.A. Crossword Class"
True,2021-05-12,We,1340,1340,1027.9,1027.9,2021-05-12 11:19:15,0,0,Tracy Gray
True,2021-05-11,Tu,313,313,742.8,1530.1,2021-05-11 10:02:03,0,0,Kevin Patterson
True,2021-05-10,Mo,289,289,521.6,1043.8,2021-05-10 11:30:26,0,0,Zhouqin Burnikel
True,2021-05-08,Sa,2431,2431,3002.5,4410.8,2021-05-08 22:44:50,0,0,David Steinberg
True,2021-05-07,Fr,1925,1925,1372.3,1372.3,2021-05-07 13:17:34,0,0,Brooke Husic
True,2021-05-06,Th,2264,2264,2560.0,3816.9,2021-05-06 15:47:22,0,0,Ed Sessa
True,2021-05-05,We,1454,1454,971.4,971.4,2021-05-05 10:44:10,0,0,Bryce Hwang and Rahul Sridhar and Akshay Ravikumar
True,2021-05-04,Tu,555,555,750.4,1537.7,2021-05-04 19:49:30,0,0,Nina Sloan
True,2021-05-03,Mo,585,585,555.0,1077.2,2021-05-03 08:44:19,0,0,Ross Trudeau
True,2021-05-02,Su,1141,1141,2125.3,4463.4,2021-05-02 14:35:06,0,0,Dan Schoenholz
True,2021-05-01,Sa,3403,3403,2859.0,4267.3,2021-05-01 21:57:21,0,0,Ryan McCarty
True,2021-04-30,Fr,826,826,1564.5,1564.5,2021-04-30 08:48:54,0,0,Kate Hawkins
False,2021-04-29,Th,5646,9306,2282.1,3476.0,2021-04-29 20:54:23,185,2,Adam Wagner
True,2021-04-28,We,970,970,959.7,959.7,2021-04-28 09:40:40,0,0,Hal Moore
False,2021-04-27,Tu,818,3438,726.3,1251.6,2021-04-27 09:05:51,188,0,Jeff McDermott
False,2021-04-26,Mo,640,3232,582.9,845.9,2021-04-28 09:23:18,183,1,Eric and Lori Bornstein
True,2021-04-19,Mo,370,370,586.9,849.9,2021-04-20 19:48:33,0,0,Andrea Carla Michaels
True,2021-04-18,Su,2146,2146,2150.2,4488.3,2021-04-20 20:30:29,0,0,Johan Vass
True,2021-04-17,Sa,2827,2827,2779.7,4552.7,2021-04-17 12:03:25,0,0,Leslie Rogers
True,2021-04-16,Fr,1282,1282,1834.8,2204.4,2021-04-16 14:56:15,0,0,Tom Pepper
True,2021-04-14,We,666,666,957.6,957.6,2021-04-14 15:18:12,0,0,Nathan Hasegawa
True,2021-04-13,Tu,410,410,817.8,1343.1,2021-04-13 10:37:34,0,0,Michael Lieberman
True,2021-04-12,Mo,437,437,585.9,848.9,2021-04-12 14:38:44,0,0,Aimee Lucido and Ella Dershowitz
False,2021-04-11,Su,2227,6925,2139.9,4008.2,2021-04-15 19:50:15,372,0,Dick Shlakman and Will Nediger
True,2021-04-07,We,693,693,979.0,979.0,2021-04-07 09:17:46,0,0,Adrian Johnson
True,2021-04-06,Tu,865,865,835.9,1361.2,2021-04-06 10:34:50,0,0,Amanda Chung and Karl Ni
True,2021-04-05,Mo,592,592,576.9,839.9,2021-04-05 09:48:20,0,0,Zhouqin Burnikel
True,2021-04-04,Su,1541,1541,2120.2,3988.5,2021-04-06 20:35:14,0,0,Angela Olson Halsted and Doug Peterson
False,2021-03-30,Tu,753,3328,831.7,1099.5,2021-03-30 13:34:33,185,0,Alex Rosen and Brad Wilber
True,2021-03-26,Fr,1300,1300,1968.9,2338.5,2021-03-26 16:17:42,0,0,Daniel Larsen
True,2021-03-25,Th,2078,2078,2318.6,3512.5,2021-03-25 15:45:15,0,0,Alex Eaton-Salners
True,2021-03-24,We,1637,1637,875.5,875.5,2021-03-24 09:10:05,0,0,Amanda Rafkin and Ross Trudeau
True,2021-03-23,Tu,1100,1100,764.6,1032.4,2021-03-23 10:11:03,0,0,Dan Schoenholz
True,2021-03-22,Mo,407,407,577.2,840.2,2021-03-22 13:14:47,0,0,Daniel Grinberg
True,2021-03-21,Su,1767,1767,2099.4,3967.7,2021-03-21 17:59:38,0,0,Julian Kwan
True,2021-03-17,We,1105,1105,1001.6,1001.6,2021-03-17 14:29:51,0,0,Peter A. Collins
False,2021-03-16,Tu,1001,3679,735.6,735.6,2021-03-17 12:54:14,190,0,Lindsey Hobbs
True,2021-03-15,Mo,318,318,623.5,886.5,2021-03-15 10:31:57,0,0,Philip K. Chow
False,2021-03-14,Su,2438,7104,1994.8,3396.5,2021-03-14 17:48:22,364,0,Jacob Stulberg
True,2021-03-12,Fr,674,674,2082.1,2451.7,2021-03-12 20:40:53,0,0,Peter Wentz
False,2021-03-11,Th,1247,3995,2372.0,3621.4,2021-03-12 08:41:12,184,2,Leslie Rogers
True,2021-03-09,Tu,687,687,718.9,718.9,2021-03-09 10:59:45,0,0,Simon Marotte
False,2021-03-08,Mo,659,3289,599.8,599.8,2021-03-08 18:43:37,192,0,Eric Bornstein
True,2021-03-06,Sa,1343,1343,2876.4,4649.4,2021-03-06 12:01:34,0,0,Sid Sivakumar
True,2021-03-04,Th,5025,5025,2210.2,3790.4,2021-03-05 09:00:10,0,0,Blake Slonecker
True,2021-03-03,We,1022,1022,981.0,981.0,2021-03-03 12:15:37,0,0,Ann Shan
True,2021-03-01,Mo,355,355,630.4,630.4,2021-03-01 16:00:14,0,0,Michael Lieberman
True,2021-02-28,Su,2312,2312,1917.0,3318.7,2021-02-28 14:44:14,0,0,Brad Wiegmann
True,2021-02-24,We,1071,1071,934.2,934.2,2021-02-24 15:51:13,0,0,Andrew J. Ries
True,2021-02-23,Tu,694,694,707.8,707.8,2021-02-23 10:07:11,0,0,Kate Hawkins
True,2021-02-22,Mo,853,853,657.4,927.6,2021-02-22 12:43:58,0,0,Barbara Lin
False,2021-02-21,Su,2151,6797,2043.7,2980.8,2021-02-21 14:46:22,368,0,Matthew Stock
False,2021-02-20,Sa,2021,4850,2971.4444444444443,4627.111111111111,2021-02-21 12:32:48,185,0,Ali Gascoigne
True,2021-02-17,We,694,694,993.1,993.1,2021-02-17 09:24:37,0,0,David Harris and Evan Kalish
True,2021-02-16,Tu,545,545,722.0,722.0,2021-02-16 10:28:04,0,0,Johanna Fenimore
True,2021-02-15,Mo,919,919,608.7,878.9,2021-02-15 13:05:07,0,0,Meconya Alford
False,2021-02-14,Su,2737,7436,1956.2,2423.4,2021-02-14 14:49:42,361,0,Lisa Bunker
True,2021-02-13,Sa,2519,2519,3028.0,4890.625,2021-02-13 20:48:41,0,0,Will Nediger
True,2021-02-12,Fr,1988,1988,2081.9,2451.5,2021-02-12 13:10:59,0,0,Grant Thackray
True,2021-02-11,Th,1061,1061,2331.6,4202.6,2021-02-11 11:59:03,0,0,Alex Eaton-Salners
True,2021-02-10,We,967,967,982.0,982.0,2021-02-10 10:52:31,0,0,Kate Hawkins
True,2021-02-09,Tu,631,631,731.5,731.5,2021-02-09 10:03:28,0,0,Colin Ernst
True,2021-02-08,Mo,919,919,573.0,843.2,2021-02-08 12:12:35,0,0,Portia Lundie
True,2021-02-07,Su,1286,1286,1982.8,2450.0,2021-02-07 15:27:15,0,0,Christina Iverson and Katie Hale
True,2021-02-05,Fr,1785,1785,2209.4,2908.0,2021-02-05 18:18:54,0,0,Erik Agard
True,2021-02-02,Tu,577,577,738.5,738.5,2021-02-02 10:02:33,0,0,Adesina O. Koiki
True,2021-02-01,Mo,410,410,604.5,874.7,2021-02-01 08:10:43,0,0,Soleil Saint-Cyr
False,2021-01-31,Su,2648,7320,1904.0,1904.0,2021-01-31 13:32:30,360,0,Jim Hilger
True,2021-01-29,Fr,1886,1886,2215.3,2913.9,2021-01-29 13:25:07,0,0,Robyn Weintraub
True,2021-01-27,We,889,889,1024.3,1296.2,2021-01-27 10:44:04,0,0,Mike Knobler
True,2021-01-26,Tu,1325,1325,777.5,777.5,2021-01-26 14:17:58,0,0,Peter Gordon
True,2021-01-25,Mo,427,427,605.6,875.8,2021-01-25 08:19:43,0,0,Kevin Christian and Andrea Carla Michaels
True,2021-01-24,Su,2395,2395,1824.9,2280.4,2021-01-24 15:59:27,0,0,Lucy Howard and Ross Trudeau
True,2021-01-20,We,853,853,1119.8,1391.7,2021-01-20 20:03:53,0,0,"Natan Last, Andy Kravis and the J.A.S.A. Crossword Class"
True,2021-01-18,Mo,502,502,619.8,890.0,2021-01-18 12:39:48,0,0,Jeff Stillman
True,2021-01-17,Su,2124,2124,1849.5,2305.0,2021-01-17 14:39:08,0,0,Tracy Gray and Tom Pepper
True,2021-01-15,Fr,1536,1536,2187.0,2885.6,2021-01-15 12:23:44,0,0,Josh Knapp
True,2021-01-13,We,645,645,1149.0,1420.9,2021-01-13 08:58:36,0,0,Matthew Stock
True,2021-01-12,Tu,1046,1046,765.4,1040.0,2021-01-12 08:48:28,0,0,Ross Trudeau
True,2021-01-11,Mo,410,410,631.3,901.5,2021-01-11 07:31:23,0,0,Martha Kimes
True,2021-01-10,Su,1344,1344,2287.4,3284.9,2021-01-10 15:07:34,0,0,Alex Bajcz
False,2021-01-09,Sa,4198,7151,2860.8571428571427,4567.714285714285,2021-01-10 15:15:39,156,0,Trenton Charlson
False,2021-01-07,Th,2460,5839,2242.2,3775.3,2021-01-07 21:51:16,171,12,Matthew Stock and Sid Sivakumar
True,2021-01-06,We,907,907,1420.6,2064.4,2021-01-06 08:37:09,0,0,Eric Bornstein
True,2021-01-05,Tu,711,711,747.4,1022.0,2021-01-05 11:55:42,0,0,Amy Schecter and Christina Iverson
True,2021-01-04,Mo,781,781,582.6,852.8,2021-01-04 19:34:06,0,0,Kathy Wienberg
True,2021-01-03,Su,1559,1559,2380.9,3378.4,2021-01-04 19:30:09,0,0,Paolo Pasco
False,2021-01-02,Sa,2882,6262,2857.3333333333335,4285.333333333333,2021-01-02 14:59:14,200,4,Joe Deeney
True,2021-01-01,Fr,2135,2135,2287.6,2986.2,2021-01-01 16:40:27,0,0,Milo Beckman
True,2020-12-31,Th,2030,2030,2224.0,4033.4,2020-12-31 13:01:26,0,0,David J. Kahn
True,2020-12-30,We,602,602,1416.2,2060.0,2020-12-30 13:27:23,0,0,Kate Hawkins
True,2020-12-29,Tu,429,429,756.2,1030.8,2020-12-29 10:13:21,0,0,Matthew Trout
True,2020-12-28,Mo,422,422,572.4,842.6,2020-12-28 09:25:04,0,0,Alan Massengill and Andrea Carla Michaels
True,2020-12-27,Su,1392,1392,2552.6,4015.3,2020-12-27 17:37:07,0,0,Daniel Grinberg
False,2020-12-26,Sa,3954,7264,2638.0,3689.6,2020-12-27 11:54:39,194,0,John Guzzetta
True,2020-12-25,Fr,311,311,2438.5,3420.2,2020-12-27 11:58:24,0,0,Erik Agard and Wendy L. Brandes
True,2020-12-23,We,2366,2366,1282.8,1926.6,2020-12-24 16:07:05,0,0,Juliana Tringali Golden
True,2020-12-22,Tu,711,711,754.6,1029.2,2020-12-22 08:39:23,0,0,Amy Yanni and Jeff Chen
True,2020-12-21,Mo,661,661,557.7,827.9,2020-12-21 11:42:35,0,0,Derek Bowman and Sarah Keller
True,2020-12-20,Su,1534,1534,2647.1,4578.2,2020-12-20 17:31:42,0,0,Randolph Ross
False,2020-12-17,Th,1680,4462,2223.1,3754.3,2020-12-18 10:04:32,187,0,Kathryn Ladner
True,2020-12-16,We,816,816,1286.4,1930.2,2020-12-16 08:39:53,0,0,Ed Salners and Alex Eaton-Salners
True,2020-12-15,Tu,520,520,737.1,1011.7,2020-12-15 18:14:20,0,0,Adam Vincent
False,2020-12-14,Mo,1123,3825,509.8,509.8,2020-12-15 18:04:55,179,2,Jessie Bullock and Ross Trudeau
True,2020-12-13,Su,3418,3418,2476.8,4407.9,2020-12-13 18:59:08,0,0,Dan Margolis
True,2020-12-11,Fr,2748,2748,2475.1,3766.8,2020-12-11 11:39:25,0,0,Ari Richter
True,2020-12-10,Th,3143,3143,2259.1,3790.3,2020-12-10 18:31:13,0,0,Jack Murtagh
True,2020-12-09,We,603,603,1360.6,2004.4,2020-12-09 09:25:08,0,0,Owen Travis and Jeff Chen
True,2020-12-08,Tu,583,583,730.8,1005.4,2020-12-08 10:01:19,0,0,Enrique Henestroza Anguiano
True,2020-12-07,Mo,432,432,520.4,520.4,2020-12-07 09:33:52,0,0,Barbara Lin
True,2020-12-06,Su,1862,1862,2478.3,4409.4,2020-12-07 20:09:45,0,0,Tony Orbach
False,2020-12-04,Fr,3985,7681,2399.8,3321.9,2020-12-09 15:57:04,190,8,Patti Varol and Doug Peterson
True,2020-12-03,Th,1230,1230,2206.4,3737.6,2020-12-03 08:31:08,0,0,Jake Halperin
True,2020-12-02,We,1283,1283,1298.3,1942.1,2020-12-02 17:11:41,0,0,Will Nediger
True,2020-12-01,Tu,687,687,712.2,986.8,2020-12-01 10:58:16,0,0,Byron Walden
True,2020-11-30,Mo,562,562,543.2,543.2,2020-11-30 12:43:45,0,0,Emma Craven-Matthews
True,2020-11-29,Su,1552,1552,2519.6,4450.7,2020-11-30 20:02:24,0,0,Eric Berlin
True,2020-11-28,Sa,4546,4546,2161.0,3475.5,2020-11-28 14:44:00,0,0,Nam Jin Yoon
True,2020-11-27,Fr,2641,2641,2454.0,3376.1,2020-11-27 14:06:24,0,0,Robyn Weintraub
False,2020-11-26,Th,2867,5897,2151.0,3379.2,2020-11-27 12:12:35,188,0,Neville Fogarty
True,2020-11-25,We,856,856,1302.2,1946.0,2020-11-25 12:49:13,0,0,John Guzzetta and Jeff Chen
True,2020-11-24,Tu,726,726,716.8,991.4,2020-11-24 07:47:34,0,0,Caitlin Reid
True,2020-11-23,Mo,725,725,518.5,518.5,2020-11-23 09:30:08,0,0,Stanley Newman
True,2020-11-22,Su,1860,1860,2511.0,4442.1,2020-11-22 16:35:24,0,0,Alex Eaton-Salners
False,2020-11-21,Sa,2332,3943,2104.0,3319.6666666666665,2020-11-22 16:46:14,73,0,Sam Ezersky
True,2020-11-20,Fr,1806,1806,2534.4,3456.5,2020-11-20 15:23:02,0,0,Kameron Austin Collins
True,2020-11-19,Th,2443,2443,2107.9,3336.1,2020-11-19 18:12:01,0,0,Derek J. Angell
False,2020-11-18,We,1312,4031,1247.4,1619.3,2020-11-18 19:26:56,188,0,Amanda Rafkin and Ross Trudeau
True,2020-11-17,Tu,647,647,687.0,961.6,2020-11-17 13:26:35,0,0,Kyle Dolan
True,2020-11-16,Mo,438,438,522.3,522.3,2020-11-16 11:35:37,0,0,Jennifer Nutt
False,2020-11-15,Su,1604,6159,2684.5,4160.1,2020-11-29 12:54:07,370,0,Caitlin Reid
True,2020-11-14,Sa,1968,1968,2172.0,3995.5,2020-11-14 14:43:24,0,0,Emily Carroll and Erik Agard
True,2020-11-13,Fr,1986,1986,2733.1,4006.3,2020-11-14 14:31:27,0,0,Sawyer Tabony and Ashton Anderson
False,2020-11-12,Th,1781,5084,2311.2,3521.5,2020-11-19 18:19:52,181,11,Kristian House
True,2020-11-11,We,1808,1808,1163.9,1535.8,2020-11-11 12:09:49,0,0,Alex Bajcz
True,2020-11-10,Tu,1715,1715,584.3,858.9,2020-11-10 14:16:58,0,0,Robert Fisher
True,2020-11-09,Mo,644,644,495.5,495.5,2020-11-09 07:40:55,0,0,Kate Hawkins
True,2020-11-08,Su,2370,2370,2917.9,4905.5,2020-11-09 20:16:36,0,0,Evan Kalish and Caitlin Reid
False,2020-11-06,Fr,3060,6350,2933.1,4224.2,2020-12-01 11:59:31,189,4,Aimee Lucido
False,2020-11-05,Th,3407,6715,2212.0,3091.5,2020-11-08 09:24:02,188,3,Jeremy Newton
True,2020-11-04,We,937,937,1326.4,2007.8,2020-11-04 15:15:22,0,0,Jack Murtagh
False,2020-11-03,Tu,925,3671,543.7,543.7,2020-11-03 16:13:00,198,0,Amanda Chung and Karl Ni
True,2020-11-02,Mo,525,525,490.2,490.2,2020-11-02 09:50:08,0,0,Luke Vaughn
False,2020-11-01,Su,5723,11143,2538.9,3984.5,2020-11-01 22:06:03,368,1,Julian Lim
False,2020-10-29,Th,2275,5183,2518.4,3455.3,2020-11-30 17:10:54,182,1,Kurt Weller
False,2020-10-28,We,3623,7342,1017.9,1327.4,2020-11-29 12:36:10,190,10,Peter Gordon
True,2020-10-27,Tu,531,531,575.7,575.7,2020-10-27 11:46:20,0,0,Luci Bresette and David Steinberg
True,2020-10-26,Mo,294,294,492.1,492.1,2020-10-26 14:31:50,0,0,Eric Bornstein
True,2020-10-25,Su,2494,2494,2550.4,3996.0,2020-10-26 20:13:25,0,0,Peter A. Collins
True,2020-10-19,Mo,320,320,505.1,505.1,2020-10-19 08:46:40,0,0,Fred Piscop
False,2020-10-18,Su,3109,7761,2458.4,3438.8,2020-10-20 23:07:54,348,0,Miriam Estrin
True,2020-10-15,Th,1566,1566,2554.4,3783.9,2020-10-15 09:31:31,0,0,Lindsey Hobbs
True,2020-10-13,Tu,517,517,570.5,570.5,2020-10-13 07:58:41,0,0,Amanda Rafkin
True,2020-10-12,Mo,514,514,491.7,491.7,2020-10-13 07:49:44,0,0,Joe Hansen
False,2020-10-11,Su,2479,7163,2495.9,3007.9,2020-10-12 18:13:55,365,0,Gary Larson
False,2020-10-08,Th,1848,4611,2487.7,3440.9,2020-10-08 18:52:37,182,0,Francesca Goldston and Jeff Chen
True,2020-10-07,We,558,558,1128.7,1438.2,2020-10-07 08:29:14,0,0,Ross Trudeau
True,2020-10-06,Tu,695,695,557.2,557.2,2020-10-06 09:55:07,0,0,Alan Massengill and Andrea Carla Michaels
True,2020-10-05,Mo,644,644,466.4,466.4,2020-10-05 16:11:43,0,0,Evan Mahnken
True,2020-10-04,Su,1715,1715,2563.5,3075.5,2020-10-05 20:37:43,0,0,Sam Ezersky
True,2020-09-30,We,1032,1032,1157.0,1739.5,2020-09-30 19:19:57,0,0,Erik Agard and Andy Kravis
True,2020-09-29,Tu,345,345,630.7,898.0,2020-09-29 08:57:57,0,0,Ricky Cruz
True,2020-09-28,Mo,538,538,474.9,474.9,2020-09-29 08:52:03,0,0,Lynn Lempel
True,2020-09-27,Su,1877,1877,2553.1,3065.1,2020-09-28 19:42:26,0,0,Alex Eaton-Salners
True,2020-09-23,We,852,852,1255.5,1838.0,2020-09-23 16:55:54,0,0,Margit Christenson
True,2020-09-22,Tu,520,520,655.2,1178.2,2020-09-22 09:04:35,0,0,Jeremy Newton
True,2020-09-21,Mo,790,790,467.0,467.0,2020-09-21 18:47:35,0,0,Daniel Larsen and The Wave Learning Festival Crossword Class
True,2020-09-20,Su,1965,1965,2409.5,2921.5,2020-09-24 20:40:53,0,0,Sam Trabucco
True,2020-09-15,Tu,501,501,693.9,1480.3,2020-09-15 10:26:59,0,0,Amanda Rafkin and Ross Trudeau
True,2020-09-14,Mo,478,478,450.3,450.3,2020-09-14 19:20:47,0,0,John Guzzetta
True,2020-09-13,Su,1774,1774,2594.0,3594.4,2020-09-16 20:08:33,0,0,MaryEllen Uthlaut
True,2020-09-11,Fr,1945,1945,3285.8,4936.2,2020-09-13 10:45:10,0,0,Caitlin Reid and Erik Agard
True,2020-09-09,We,1345,1345,1246.0,1828.5,2020-09-09 16:48:08,0,0,Jakob Weisblat
True,2020-09-08,Tu,772,772,704.6,1491.0,2020-09-08 14:27:27,0,0,Kevin Christian and Brad Wilber
True,2020-09-07,Mo,476,476,435.0,435.0,2020-09-07 13:59:52,0,0,Gareth Bain
True,2020-09-06,Su,3339,3339,2455.0,3455.4,2020-09-09 21:16:00,0,0,David Kwong
True,2020-09-04,Fr,1253,1253,3314.7,5254.2,2020-09-05 11:13:30,0,0,Brian Thomas
True,2020-09-03,Th,1671,1671,2483.6,3436.8,2020-09-03 20:28:51,0,0,Sid Sivakumar
True,2020-09-02,We,660,660,1242.7,1825.2,2020-09-02 23:24:25,0,0,Margaret Seikel
True,2020-09-01,Tu,349,349,716.3,1502.7,2020-09-02 11:33:51,0,0,David Steinberg
True,2020-08-31,Mo,376,376,428.5,428.5,2020-08-31 17:50:22,0,0,Anne Marie Crinnion
True,2020-08-27,Th,3503,3503,2304.3,3257.5,2020-08-29 07:30:46,0,0,Nancy Stark and Will Nediger
True,2020-08-26,We,895,895,1446.5,2336.5,2020-08-26 11:21:20,0,0,Carl Larson
True,2020-08-25,Tu,688,688,691.0,1477.4,2020-08-25 08:52:52,0,0,Dave Bardolph
True,2020-08-24,Mo,472,472,427.3,427.3,2020-08-24 10:11:43,0,0,David Alfred Bywaters
False,2020-08-23,Su,4704,9824,2360.6,2849.0,2020-08-25 21:33:10,364,0,Barbara Lin
True,2020-08-19,We,764,764,1596.0,2486.0,2020-08-19 09:49:33,0,0,Brandon Koppy
True,2020-08-18,Tu,519,519,760.0,1546.4,2020-08-19 09:29:15,0,0,Olivia Mitra Framke
True,2020-08-17,Mo,313,313,480.1,740.5,2020-08-18 21:21:04,0,0,Alan Massengill and Andrea Carla Michaels
True,2020-08-16,Su,1933,1933,2497.8,2986.2,2020-08-18 21:11:40,0,0,Francis Heaney
False,2020-08-15,Sa,2034,5681,2310.0,2310.0,2021-05-27 18:19:54,166,21,Joe DiPietro
True,2020-08-07,Fr,3141,3141,3225.1,5164.6,2020-08-18 20:57:32,0,0,Tom Pepper
True,2020-08-02,Su,2609,2609,2657.3,3652.3,2020-08-12 21:25:28,0,0,David Levinson Wilk
False,2020-07-31,Fr,1820,4651,3381.222222222222,5221.666666666667,2020-07-31 17:44:27,189,0,Claire Rimkus and Erik Agard
True,2020-07-30,Th,703,703,2775.3,4097.0,2020-07-30 11:24:42,0,0,Joel Fagliano
True,2020-07-29,We,973,973,1674.8,2840.4,2020-07-29 19:21:19,0,0,Amanda Chung and Karl Ni
True,2020-07-28,Tu,851,851,778.8,1565.2,2020-07-28 13:39:47,0,0,Ross Trudeau
True,2020-07-27,Mo,450,450,487.4,747.8,2020-07-27 09:32:34,0,0,Alan Arbesfeld
True,2020-07-26,Su,2189,2189,2651.2,3646.2,2020-08-12 21:01:06,0,0,Trenton Charlson
True,2020-07-23,Th,2313,2313,2810.2,4430.8,2020-08-25 21:51:31,0,0,Robyn Weintraub
False,2020-07-22,We,2562,5657,1621.9,2774.8,2020-07-22 18:55:39,189,2,Peter A. Collins
True,2020-07-21,Tu,465,465,786.5,1572.9,2020-07-21 08:57:38,0,0,Zhouqin Burnikel
True,2020-07-20,Mo,380,380,510.4,770.8,2020-07-20 09:44:57,0,0,Alex Eaton-Salners
True,2020-07-19,Su,2854,2854,2841.5,4349.5,2020-07-19 17:59:38,0,0,Wyna Liu
True,2020-07-16,Th,2012,2012,3035.4,4979.5,2020-07-16 12:44:11,0,0,Evan Kalish
True,2020-07-13,Mo,391,391,517.0,777.4,2020-07-13 13:48:19,0,0,Erik Agard
True,2020-07-12,Su,2391,2391,2920.9,4428.9,2020-07-12 17:46:33,0,0,Samuel A. Donaldson
False,2020-07-09,Th,3814,6938,2827.6,4725.9,2020-07-09 18:21:58,179,0,Joe Kidd
True,2020-07-08,We,538,538,1768.1,2921.0,2020-07-08 11:24:17,0,0,Chase Dittrich
True,2020-07-07,Tu,562,562,774.8,1561.2,2020-07-07 09:59:24,0,0,Kevin Patterson
True,2020-07-06,Mo,623,623,534.7,795.1,2020-07-06 10:14:51,0,0,Lynn Lempel
True,2020-07-05,Su,1773,1773,3016.0,4990.8,2020-07-05 17:34:23,0,0,Laura Taylor Kinnel
False,2020-07-03,Fr,3114,6214,3414.625,5097.625,2020-07-03 13:40:59,190,0,Hal Moore
True,2020-07-02,Th,2415,2415,2889.1,5088.4,2020-07-02 21:10:01,0,0,Yacob Yonas and Chad Horner
True,2020-07-01,We,1666,1666,1687.8,2840.7,2020-07-01 14:30:24,0,0,Amanda Rafkin and Ross Trudeau
True,2020-06-29,Mo,711,711,494.7,755.1,2020-06-29 19:20:39,0,0,Peter Gordon
False,2020-06-25,Th,5339,8821,2536.0,4387.1,2020-06-26 11:32:09,184,0,Amanda Chung and Karl Ni
False,2020-06-24,We,1315,4045,1652.5,2532.4,2020-06-24 21:22:23,189,0,Joe Deeney
False,2020-06-23,Tu,1080,3753,726.6,1501.2,2020-06-24 15:13:24,188,0,Jeff Chen
True,2020-06-22,Mo,311,311,511.5,771.9,2020-06-22 10:46:12,0,0,Sid Sivakumar
True,2020-06-21,Su,529,529,3294.7,5750.0,2020-06-22 14:22:25,0,0,Byron and Harrison Walden
True,2020-06-19,Fr,3232,3232,3440.714285714286,5364.142857142857,2020-06-19 16:55:42,0,0,Greg Johnson
True,2020-06-17,We,1837,1837,1592.8,2773.0,2020-06-17 12:45:00,0,0,Daniel Raymon
True,2020-06-15,Mo,323,323,523.3,1034.0,2020-06-15 12:54:08,0,0,Olivia Mitra Framke
False,2020-06-14,Su,3619,8503,3331.8,5775.0,2020-06-14 21:09:56,362,0,Randolph Ross
True,2020-06-10,We,1250,1250,1617.4,3071.1,2020-06-10 12:54:31,0,0,Amanda Rafkin and Ross Trudeau
False,2020-06-02,Tu,765,3322,721.5,1240.4,2020-06-06 12:09:20,183,0,John Guzzetta
True,2020-06-01,Mo,311,311,524.1,1034.8,2020-06-01 19:02:17,0,0,Erik Agard
True,2020-05-31,Su,1949,1949,3671.4,6590.7,2020-05-31 20:06:23,0,0,Lewis Rothlein and Jeff Chen
False,2020-05-26,Tu,888,3522,725.1,1261.7,2020-05-26 19:19:55,188,0,Neville Fogarty
True,2020-05-25,Mo,460,460,539.3,1050.0,2020-05-25 18:10:58,0,0,Andrea Carla Michaels and Victor Barocas
True,2020-05-24,Su,3760,3760,3661.5555555555557,6905.222222222223,2020-05-24 21:15:40,0,0,Andrew Chaikin
False,2020-05-21,Th,1926,4852,2518.8,4341.0,2020-05-21 20:16:13,185,2,Andrew Kingsley
True,2020-05-20,We,627,627,1762.3,3500.0,2020-05-20 11:25:14,0,0,"Natan Last, Andy Kravis and the J.A.S.A. Crossword Class"
True,2020-05-19,Tu,879,879,676.0,1212.6,2020-05-19 08:36:42,0,0,Trent H. Evans
False,2020-05-18,Mo,841,3445,494.4,744.7,2020-05-17 18:19:18,186,0,Christina Iverson
True,2020-05-17,Su,3305,3305,3706.125,7355.25,2020-05-17 20:24:21,0,0,Byron Walden
True,2020-05-15,Fr,3183,3183,3483.6666666666665,5727.666666666667,2020-05-15 14:32:10,0,0,Christopher Adams
True,2020-05-14,Th,1181,1181,2562.4,4384.6,2020-05-14 11:41:49,0,0,Michael Schlossberg
False,2020-05-13,We,2933,6008,1575.0,3005.2,2020-05-13 18:55:50,191,0,Benjamin Kramer
True,2020-05-12,Tu,466,466,702.2,1238.8,2020-05-12 10:39:49,0,0,Tom Pepper and Zhouqin Burnikel
True,2020-05-11,Mo,523,523,494.6,995.8,2020-05-11 10:50:52,0,0,Ross Trudeau
False,2020-05-10,Su,4204,9270,3635.0,7081.714285714285,2020-05-19 14:29:27,369,0,Adam Fromm
True,2020-05-08,Fr,2610,2610,3658.4,6351.2,2020-05-08 14:31:16,0,0,Daniel Larsen
True,2020-05-06,We,2259,2259,1427.0,3127.9,2020-05-06 12:12:46,0,0,Ali Gascoigne
True,2020-05-05,Tu,435,435,711.7,1506.7,2020-05-05 12:43:20,0,0,Lee Taylor
True,2020-05-04,Mo,610,610,478.1,979.3,2020-05-04 10:54:57,0,0,Emily Carroll
True,2020-05-03,Su,2128,2128,3886.1666666666665,7907.333333333333,2020-05-03 12:04:12,0,0,Brendan Emmett Quigley and Ben Zimmer
True,2020-05-02,Sa,2310,2310,,,2020-05-03 11:27:59,0,0,Paolo Pasco
False,2020-05-01,Fr,3973,7484,3579.75,6068.0,2020-05-04 15:21:41,183,6,Trenton Charlson
True,2020-04-30,Th,1630,1630,2647.7,4469.9,2020-04-30 12:54:11,0,0,Caitlin Reid
False,2020-04-29,We,1761,4517,1436.5,3119.0,2020-04-29 17:27:14,183,0,Joe DiPietro
True,2020-04-28,Tu,1209,1209,653.3,1448.3,2020-04-28 11:31:49,0,0,Joel Fagliano
True,2020-04-27,Mo,457,457,496.8,1252.3,2020-04-27 13:30:02,0,0,Ed Sessa
False,2020-04-26,Su,4757,9887,3712.0,7511.4,2020-05-04 15:10:15,364,0,Royce Ferguson
False,2020-04-24,Fr,5060,8529,3086.3333333333335,5247.666666666667,2020-04-24 21:36:44,188,0,John Guzzetta
True,2020-04-23,Th,1710,1710,2766.2,4962.3,2020-04-23 17:51:53,0,0,Yacob Yonas and Erik Agard
False,2020-04-22,We,2033,5001,1413.8,2799.5,2020-04-22 19:57:09,198,0,Jules Markey
True,2020-04-21,Tu,1039,1039,598.2,1393.2,2020-04-21 10:09:40,0,0,Andrew Kingsley
True,2020-04-20,Mo,800,800,468.2,1223.7,2020-04-20 10:46:26,0,0,Lynn Lempel
False,2020-04-17,Fr,5472,9065,1893.5,3339.0,2020-04-18 13:29:51,192,0,Robyn Weintraub
False,2020-04-16,Th,5413,9098,2467.3,4589.0,2020-04-16 19:46:54,202,0,Alan Arbesfeld
True,2020-04-15,We,2000,2000,1309.1,2941.5,2020-04-15 12:32:40,0,0,John-Clark Levin and Jeff Chen
True,2020-04-14,Tu,542,542,619.9,1414.9,2020-04-14 16:58:33,0,0,Joe Hansen
True,2020-04-13,Mo,311,311,487.6,1496.7,2020-04-13 11:15:34,0,0,Evan Kalish
True,2020-04-12,Su,3185,3185,3843.75,8593.0,2020-04-14 17:01:59,0,0,Joel Fagliano
False,2020-04-09,Th,2662,5651,2445.6666666666665,4471.0,2020-04-09 19:35:51,188,0,Alex Eaton-Salners
True,2020-04-08,We,863,863,1315.5,2947.9,2020-04-08 15:30:58,0,0,Sam Buchbinder
True,2020-04-07,Tu,445,445,658.8,1453.8,2020-04-07 12:49:48,0,0,Trent H. Evans
True,2020-04-06,Mo,479,479,471.0,1480.1,2020-04-06 10:18:55,0,0,Andrea Carla Michaels and Brian Thomas
False,2020-04-02,Th,4264,7499,2218.375,4092.5,2020-04-02 20:12:41,181,0,Evan Mahnken
True,2020-04-01,We,962,962,1410.2,3326.4,2020-04-01 21:02:56,0,0,John Ficarra and Patrick Merrell
False,2020-03-31,Tu,598,3153,656.9,1196.4,2020-04-01 15:07:30,186,0,Christina Iverson and Ross Trudeau
False,2020-03-30,Mo,441,2944,482.7,1241.5,2020-03-30 21:12:16,184,0,Lee Taylor
False,2020-03-29,Su,2724,7392,4217.0,8993.333333333334,2020-03-29 16:10:34,358,0,Ricky Cruz
True,2020-03-24,Tu,714,714,661.4,1470.1,2020-03-29 16:45:54,0,0,Olivia Mitra Framke
False,2020-03-19,Th,1736,4402,2287.285714285714,4048.285714285714,2020-03-26 21:27:34,175,0,Wayne Bergman and Gary Otting
True,2020-02-03,Mo,319,319,593.1,1351.9,2020-02-08 15:07:39,0,0,Michael Schlossberg
True,2020-01-27,Mo,612,612,564.1,1322.9,2020-01-27 10:17:27,0,0,Timothy Polin
False,2020-01-26,Su,3316,8121,4667.5,9429.5,2020-04-16 09:44:09,360,0,Erik Agard
False,2020-01-21,Tu,924,3735,669.1,1457.1,2020-01-22 19:46:19,183,4,Carl Larson
True,2020-01-20,Mo,392,392,568.2,1327.0,2020-01-21 18:57:28,0,0,Evan Kalish
True,2020-01-14,Tu,388,388,691.9,1479.9,2020-01-15 08:51:34,0,0,Jim Peredo
False,2020-01-08,We,1240,4243,1409.9,3289.9,2020-01-11 17:10:47,181,7,Amanda Yesnowitz and Joon Pahk
True,2020-01-07,Tu,728,728,812.3,1896.3,2020-01-11 12:29:07,0,0,Ross Trudeau
False,2019-12-16,Mo,525,3034,565.5,1073.4,2019-12-20 16:01:14,183,0,Howard Barkin and Kevin Christian
True,2019-12-02,Mo,445,445,586.7,1094.6,2019-12-03 10:19:18,0,0,Lynn Lempel
False,2019-11-26,Tu,530,3114,835.4,1661.0,2019-11-26 16:24:59,190,0,Olivia Mitra Framke
False,2019-11-25,Mo,644,3187,601.1,1114.0,2019-11-26 16:25:54,184,0,Daniel Mauer
False,2019-11-20,We,1496,4231,1579.2,3483.5,2019-11-26 16:15:56,186,0,Erik Agard
True,2019-11-19,Tu,625,625,854.7,1937.0,2019-11-19 19:54:39,0,0,Ross Trudeau
False,2019-11-13,We,2076,4916,1599.1,3219.4,2019-11-14 09:01:47,185,0,Ed Sessa
True,2019-11-12,Tu,488,488,1052.5,2434.0,2019-11-12 10:06:02,0,0,Gabrielle Friedman and Jakob Weisblat
True,2019-11-11,Mo,514,514,655.7,1168.6,2019-11-11 11:45:08,0,0,Evan Kalish
True,2019-11-06,We,1060,1060,1591.9,3212.2,2019-11-06 18:04:03,0,0,Ross Trudeau
True,2019-11-05,Tu,759,759,1110.1,2491.6,2019-11-05 08:55:53,0,0,John Guzzetta
False,2019-11-04,Mo,505,3041,651.6,910.9,2019-11-04 19:39:43,186,0,Trent H. Evans
False,2019-11-01,Fr,1542,4433,2245.0,2245.0,2019-11-01 11:53:02,189,2,Robyn Weintraub
False,2019-10-31,Th,3030,6040,2163.5,3716.3333333333335,2019-11-01 11:20:33,183,0,Ezra Brauner and Jeff Chen
False,2019-10-30,We,779,3486,1678.4,3390.4,2019-11-01 10:12:51,197,0,David Steinberg
True,2019-10-29,Tu,834,834,1082.0,2463.5,2019-11-01 11:53:45,0,0,Evan Mahnken
True,2019-10-28,Mo,313,313,692.8,1209.1,2019-10-28 08:01:36,0,0,Zhouqin Burnikel
True,2019-10-24,Th,1808,1808,2234.6,4098.0,2019-10-25 13:19:38,0,0,Matt Ginsberg
True,2019-10-22,Tu,579,579,1069.5,2451.0,2019-10-23 16:48:01,0,0,Saul Pink
True,2019-10-21,Mo,558,558,695.1,1211.4,2019-10-21 16:39:41,0,0,Joe Deeney
False,2019-10-20,Su,3990,8753,5345.0,10106.0,2019-10-21 18:15:22,341,0,Natan Last
False,2019-10-16,We,1856,4428,1584.3,3039.1,2019-10-17 09:26:05,164,0,Peter A. Collins
False,2019-10-15,Tu,759,3451,1064.7,2177.0,2019-10-16 17:36:06,196,0,Julie Brub
True,2019-10-14,Mo,1423,1423,625.5,1141.8,2019-10-14 11:03:29,0,0,Gary Cee
False,2019-10-10,Th,1754,4391,2354.75,4024.75,2019-10-12 10:11:16,172,0,Tracy Gray
False,2019-10-08,Tu,1001,3605,1036.9,1888.8,2019-10-12 09:32:53,183,0,Ross Trudeau
True,2019-10-07,Mo,322,322,626.7,1143.0,2019-10-10 09:01:43,0,0,Keiran King
True,2019-10-03,Th,1617,1617,2600.6666666666665,4827.333333333333,2019-10-04 10:04:59,0,0,Ricky Cruz
True,2019-10-02,We,1806,1806,1668.2,3409.9,2019-10-02 20:51:11,0,0,Mangesh Ghogre
True,2019-10-01,Tu,616,616,1023.1,1875.0,2019-10-02 15:37:49,0,0,Erik Agard
True,2019-09-30,Mo,433,433,631.9,1148.2,2019-09-30 18:13:26,0,0,Lynn Lempel
False,2019-09-29,Su,5345,10106,,,2019-10-02 09:02:22,312,0,Tom McCoy
False,2019-09-25,We,953,3420,1732.3,3497.4,2019-09-27 15:39:19,171,0,"Natan Last, Andy Kravis and the J.A.S.A. Crossword Class"
False,2019-09-24,Tu,1932,4892,984.5,1540.4,2019-09-27 10:34:51,183,3,John Guzzetta
True,2019-09-23,Mo,498,498,643.1,1417.3,2019-09-24 10:11:49,0,0,Andrea Carla Michaels
True,2019-09-19,Th,2483,2483,2659.5,5999.5,2019-09-19 19:11:44,0,0,David Kwong
True,2019-09-18,We,927,927,1825.5,3905.4,2019-09-18 12:28:36,0,0,John Wrenholt
True,2019-09-17,Tu,761,761,1028.1,1850.4,2019-09-17 11:29:09,0,0,Paul Coulter
True,2019-09-16,Mo,657,657,622.3,1396.5,2019-09-15 22:03:49,0,0,Amanda Rafkin and Ross Trudeau
False,2019-09-12,Th,2895,6634,2424.0,5365.0,2019-09-18 13:05:06,188,14,Grant Thackray
False,2019-09-11,We,1909,4747,1700.3,3496.4,2019-09-13 16:13:54,188,0,Ned White
False,2019-09-10,Tu,818,3385,1000.5,1566.1,2019-09-12 18:35:22,183,0,Ethan Cooper
False,2019-09-09,Mo,788,3381,590.3,1105.2,2019-09-11 09:45:06,186,0,Dan Schoenholz
False,2019-09-04,We,1237,3878,1739.4,3461.1,2019-09-16 18:37:06,182,0,Patrick Blindauer
False,2019-09-03,Tu,2466,5458,802.9,1069.3,2019-09-07 19:35:10,192,0,Evan Kalish
True,2019-09-02,Mo,1060,1060,544.2,1059.1,2019-09-03 15:59:05,0,0,Zhouqin Burnikel
False,2019-08-28,We,3189,6167,1578.3333333333333,3160.4444444444443,2019-09-01 09:47:45,177,0,Daniel Grinberg
True,2019-08-27,Tu,1335,1335,737.5,1003.9,2019-08-28 21:01:47,0,0,Daniel Raymon
True,2019-08-26,Mo,464,464,577.6,1348.8,2019-08-29 09:30:07,0,0,Erik Agard
True,2019-08-20,Tu,553,553,801.1,1067.5,2019-08-20 09:42:09,0,0,Evan Kalish
True,2019-08-14,We,2275,2275,1491.25,3271.125,2019-08-17 09:32:47,0,0,David J. Kahn
True,2019-08-13,Tu,454,454,841.6,1384.6,2019-08-13 09:38:08,0,0,Lynn Lempel
False,2019-08-12,Mo,725,3295,546.4,1060.6,2019-08-12 18:49:12,185,0,Jeffrey Wechsler
True,2019-08-05,Mo,581,581,566.6,1337.9,2019-08-05 18:44:46,0,0,Tracy Gray
True,2019-07-30,Tu,711,711,855.6,1398.6,2019-07-30 18:09:34,0,0,Christina Iverson
True,2019-07-29,Mo,727,727,546.6,1570.9,2019-07-30 15:53:59,0,0,Bruce Haight
True,2019-07-23,Tu,723,723,849.9,1649.8,2019-07-23 16:13:34,0,0,Kyle Dolan
True,2019-07-22,Mo,334,334,612.1,1901.8,2019-07-22 08:55:15,0,0,Lynn Lempel
True,2019-07-17,We,988,988,1563.142857142857,3597.285714285714,2019-07-17 10:21:41,0,0,Adam Nicolle
True,2019-07-15,Mo,485,485,622.2,1911.9,2019-07-15 09:07:53,0,0,Ed Sessa
False,2019-07-10,We,1644,5268,1549.6666666666667,3318.8333333333335,2019-07-11 09:00:08,167,22,David J. Kahn
True,2019-07-03,We,915,915,1676.6,3799.6,2019-07-03 13:01:20,0,0,Evan Mahnken
True,2019-07-02,Tu,478,478,891.2222222222222,1780.0,2019-07-02 11:35:09,0,0,Peter Gordon
False,2019-07-01,Mo,610,3189,605.6,1887.7,2019-07-01 14:43:02,188,0,Damon Gulczynski
True,2019-06-25,Tu,1546,1546,809.375,1809.25,2019-06-25 14:54:56,0,0,Alex Eaton-Salners
True,2019-06-24,Mo,449,449,605.2,1887.3,2019-06-24 08:32:44,0,0,Ross Trudeau
True,2019-06-17,Mo,468,468,655.2,1937.3,2019-06-17 07:53:09,0,0,Yacob Yonas and Erik Agard
True,2019-06-14,Fr,2245,2245,,,2019-06-16 10:32:41,0,0,Caitlin Reid
False,2019-06-11,Tu,1197,3861,754.0,1516.142857142857,2019-06-12 08:42:59,185,0,David J. Kahn
True,2019-06-10,Mo,599,599,661.4444444444445,2086.0,2019-06-10 09:50:42,0,0,Brad Wilber
False,2019-06-06,Th,2424,5365,,,2019-06-13 14:10:33,188,0,Fred Piscop
False,2019-06-03,Mo,798,3361,644.375,1926.625,2019-06-03 16:19:30,183,0,Lynn Lempel
False,2019-05-29,We,2645,5514,1434.5,3371.0,2019-06-01 09:45:25,177,0,Jules Markey
True,2019-05-28,Tu,542,542,789.3333333333334,1678.5,2019-05-28 08:48:22,0,0,Aimee Lucido
True,2019-05-27,Mo,413,413,677.4285714285714,2142.8571428571427,2019-05-27 09:32:53,0,0,Bruce Haight
False,2019-05-22,We,1594,4295,1381.3333333333333,3063.0,2019-06-08 20:42:42,181,0,Alex Eaton-Salners
True,2019-05-21,Tu,490,490,849.2,1916.2,2019-06-14 17:15:34,0,0,Evan Kalish
False,2019-05-20,Mo,783,3354,659.8333333333334,1941.0,2019-06-12 10:43:45,184,0,Gary Cee
False,2019-05-13,Mo,527,3057,686.4,1717.8,2019-05-18 19:49:16,185,0,Gary Larson
False,2019-05-06,Mo,989,3643,610.75,1236.5,2019-06-22 12:09:49,188,0,Peter Gordon
False,2019-05-01,We,1859,5007,1142.5,2091.0,2019-05-02 21:14:52,184,7,Joel Fagliano
True,2019-04-30,Tu,681,681,891.25,2225.0,2019-04-30 11:51:45,0,0,Erik Agard
True,2019-04-23,Tu,1189,1189,792.0,2570.3333333333335,2019-04-23 17:44:31,0,0,Amanda Chung and Karl Ni
True,2019-04-22,Mo,586,586,619.0,1453.3333333333333,2019-04-23 07:40:29,0,0,Bruce Haight
True,2019-04-17,We,657,657,1628.0,3525.0,2019-04-19 21:28:10,0,0,Alison Ohringer and Erik Agard
False,2019-04-16,Tu,859,3625,758.5,2043.0,2019-04-19 21:44:08,186,3,Gary Cee
False,2019-04-15,Mo,444,2947,706.5,706.5,2019-04-23 08:19:35,184,0,Patrick Blindauer and Samuel A. Donaldson
True,2019-04-09,Tu,851,851,666.0,3235.0,2019-06-24 15:49:06,0,0,Alex Eaton-Salners
True,2019-04-08,Mo,445,445,968.0,968.0,2019-06-24 08:24:16,0,0,Tracy Gray and Jeff Chen
True,2019-02-11,Mo,968,968,,,2021-06-11 15:09:33,0,0,Howard Barkin
False,2019-01-16,We,1628,3525,,,2019-09-16 12:58:16,108,0,Bruce Haight
False,2019-01-08,Tu,666,3235,,,2019-07-03 16:07:11,186,0,Freddie Cheng
